西青区大寺宇泰家园,"117.218933,39.034264"
河东区春华街城市之星大厦,"117.220158,39.149473"
北辰区果园新村朝阳里(北辰),"117.144737,39.227527"
东丽区万新街畅悦华庭,"117.29789,39.129489"
和平区劝业场和平翰林公馆,"117.203573,39.126583"
南开区王顶堤堤北里,"117.148425,39.103452"
东丽区张贵庄街夏欣园,"117.327618,39.118233"
北辰区双街镇国耀上河城,"117.110534,39.271231"
和平区劝业场融御融景铭邸,"117.211457,39.135993"
河东区春华街城市之星大厦,"117.220158,39.149473"
北辰区双街镇融创半湾半岛,"117.101681,39.279592"
北辰区天穆天物轩宇嘉园,"117.169137,39.208989"
河北区望海楼街昆云里,"117.21552,39.163223"
南开区体育中心融创奥城天玺,"117.176884,39.080994"
北辰区北仓蓝岸森林,"117.15203,39.218547"
塘沽区杭州道街时代名居(滨海),"113.590943,23.56226"
河东区常州道一品家园,"117.248784,39.150179"
和平区新兴街乐昌里小区,"117.187512,39.111779"
河东区二号桥黄岩里,"117.308333,39.095545"
河东区大王庄丰盛园,"117.2421,39.122567"
和平区体育馆诚基中心国际公寓,"117.206028,39.120778"
津南区辛庄首创禧悦,"117.357074,39.042999"
和平区劝业场融御融景铭邸,"117.211457,39.135993"
红桥区铃铛阁街康华里,"117.166665,39.15156"
东丽区新立镇丰Z雅苑,"117.337732,39.089931"
塘沽区解放路街福星里,"117.675759,39.023666"
南开区天拖南盈江里,"117.14395,39.108312"
南开区王顶堤堤中里,"117.150766,39.103647"
河东区富民路恒大帝景,"117.267393,39.089966"
津南区咸水沽恒大悦府,"117.376686,38.983974"
河东区春华街巨福园公寓,"117.221978,39.148908"
塘沽区工农村街贻成豪庭,"117.659991,39.074564"
河东区常州道一品家园,"117.248784,39.150179"
南开区王顶堤凤园南里,"117.154546,39.092291"
北辰区瑞景街盛庭丽景花园,"117.116888,39.215441"
武清区杨村街富民里,"117.059172,39.369232"
西青区李七庄五矿榕园,"117.15125,39.054045"
河东区上杭路睿品大厦,"117.258585,39.127263"
东丽区空港经济区颐景公寓,"117.408182,39.15419"
塘沽区新港街新城家园,"116.656108,40.330058"
西青区大寺金谊花园,"117.228472,38.997635"
武清区杨村街中建壹方九里宸澜华庭,"117.093068,39.320443"
西青区李七庄融泰城,"117.15622,39.056378"
南开区黄河道熙汇广场,"117.129274,39.143159"
河西区小海地云江新苑,"117.261681,39.05819"
西青区大寺龙津园,"117.261177,39.020299"
西青区张家窝民盛里小区,"117.035908,39.07564"
西青区大寺金谊花园,"117.228472,38.997635"
武清区杨村街博盛园,"117.066003,39.396024"
西青区中北澜湾广场,"117.086964,39.138808"
塘沽区大沽街碧桂园天润园,"116.174168,39.76588"
和平区滨江道和平里尊盛园,"117.191192,39.127408"
武清区杨村街五一阳光锦园,"117.093068,39.320443"
河东区春华街万春美钻大厦,"117.220261,39.150359"
津南区咸水沽华远景瑞海蓝城,"117.407949,38.986589"
南开区体育中心时代奥城,"117.172093,39.081604"
蓟州区渔阳镇鸿坤花语棠清园,"117.395318,40.041224"
大港区古林街泰达港湾,"121.442926,31.224004"
西青区海泰高新区金融街融汇,"117.095616,39.086803"
南开区体育中心时代奥城,"117.172093,39.081604"
南开区体育中心时代奥城,"117.172093,39.081604"
武清区杨村街祥福园二期,"117.08107,39.40155"
津南区辛庄兆恒广场,"117.350503,39.031966"
西青区中北姜井家园,"117.116951,39.137865"
武清区下朱庄街花样年花郡,"117.119696,39.339494"
西青区大寺金谊花园,"117.228472,38.997635"
河北区新开河街盛和家园,"117.192549,39.193458"
河北区光复道街君临大厦,"117.203854,39.138804"
西青区精武学畔馨园,"117.130122,39.055466"
河北区新开河街盛和家园,"117.192549,39.193458"
北辰区北仓蓝岸森林,"117.15203,39.218547"
南开区鼓楼龙亭家园,"117.190003,39.15091"
北辰区集贤里祥汇园,"117.137331,39.233168"
河东区常州道一品家园,"117.248784,39.150179"
红桥区西于庄街子牙东里,"117.165807,39.171779"
北辰区果园新村东升里(北辰),"117.146895,39.226706"
和平区体育馆诚基中心国际公寓,"117.206028,39.120778"
西青区中北华兴里(西青),"117.094311,39.085484"
南开区体育中心时代奥城商住楼,"117.172779,39.083989"
河东区大直沽东和家园,"117.255503,39.118857"
津南区双港顺和园,"117.292052,39.028896"
南开区华苑莹华里,"117.148228,39.088529"
和平区滨江道拉萨道4号楼,"117.221467,39.12339"
南开区万兴街义兴南里,"117.173668,39.125871"
西青区张家窝杰盛里,"117.041148,39.07098"
北辰区大张庄镇阳光城翡丽公园,"117.203253,39.319556"
河西区天塔富源里(河西),"117.199472,39.075502"
和平区滨江道拉萨道4号楼,"117.221467,39.12339"
南开区万兴街飞云东里,"117.163303,39.128282"
津南区辛庄首创城星景苑,"117.346341,39.029215"
静海区静海镇东方家园,"116.939913,38.939175"
津南区咸水沽金才园,"117.376902,38.989084"
南开区王顶堤堤北里,"117.148425,39.103452"
红桥区咸阳北路街亿城堂庭,"117.159515,39.179051"
北辰区集贤里安达里(北辰),"117.139364,39.2383"
宝坻区钰华街泰达金色领地,"117.303786,39.697582"
南开区万兴街地环里,"117.156388,39.12517"
西青区精武富家湾,"117.132191,39.057747"
塘沽区新港街华亭公寓,"121.192064,31.034592"
东丽区空港经济区金地悦城大境,"117.418821,39.148496"
塘沽区胡家园街远洋城滨华花园,"106.476313,29.536468"
开发区第四大街德圣公馆,"114.996337,35.804964"
和平区滨江道拉萨道4号楼,"117.221467,39.12339"
河东区一号桥金地紫乐广场,"117.289157,39.101021"
宝坻区海滨街梦泽家园,"117.308568,39.739682"
南开区体育中心奥翔园,"117.190148,39.076357"
宝坻区海滨街天秀园,"117.341911,39.734555"
南开区黄河道熙汇广场,"117.129274,39.143159"
河西区梅江南花样年喜年广场,"117.238905,39.050093"
北辰区普东街远洋未来城沁雅苑,"117.227214,39.20892"
武清区杨村街经纬城市绿洲华清家园,"117.01534,39.38594"
和平区滨江道拉萨道4号楼,"117.221467,39.12339"
塘沽区杭州道街宏达公寓(滨海),"119.827621,33.995647"
北辰区普东街宜彤园,"117.210122,39.202791"
河东区上杭路红星大厦,"117.260193,39.127482"
大港区迎宾街港明里,"117.465012,38.85207"
开发区第二大街贝肯山莫缇园,"114.996337,35.804964"
西青区新梅江南格调平园逸潞园,"117.21404,39.042993"
河东区上杭路万和里,"117.26888,39.13023"
南开区鼓楼九州国际,"117.185992,39.143761"
西青区李七庄富力津门湖景尚嘉郡花园,"117.209424,39.057098"
河西区土城七贤南里(商住楼),"117.248129,39.087949"
滨海新区中新生态城班芙小镇枫丹园,"117.795729,39.110618"
河东区大王庄丰盛园,"117.2421,39.122567"
河西区梅江津铁和苑,"117.229416,39.115718"
津南区咸水沽金才园,"117.376902,38.989084"
津南区咸水沽新旭园,"117.402665,38.987349"
东丽区张贵庄街润景家园,"117.319403,39.108986"
河东区春华街城市之星大厦,"117.220158,39.149473"
西青区杨柳青广悦里,"117.010068,39.144568"
河东区大王庄绚丽园,"117.225137,39.137363"
静海区静海镇地税聚泉楼,"116.92903,38.936"
河西区大营门三义大厦小区,"117.224042,39.116651"
塘沽区向阳街时代大厦,"116.134344,39.736694"
宝坻区朝霞街气象新苑,"117.296185,39.738769"
南开区王顶堤堤北里,"117.148425,39.103452"
东丽区东丽湖赏湖苑,"117.496585,39.188883"
北辰区青光盛锦园,"117.141403,39.230344"
塘沽区杭州道街中心北里,"117.66709,39.047293"
宁河区芦台镇东方尚都,"117.832393,39.336956"
大港区胜利街三春里,"117.463967,38.848408"
和平区体育馆福泰温泉公寓,"117.203078,39.117118"
河西区天塔体院宿舍,"117.195305,39.08236"
西青区大寺梨双公寓,"117.254341,39.028535"
河东区鲁山道太阳城橙翠园,"117.285207,39.163422"
河西区大营门凯德国贸,"117.22295,39.119777"
宝坻区钰华街裕和家园,"117.331106,39.715307"
西青区精武姚村景福花园,"117.121182,39.06139"
红桥区铃铛阁街乐安里,"117.157344,39.151494"
河西区陈塘庄秀峰里小区,"117.274218,39.066062"
河西区天塔宾水东里,"117.198112,39.088564"
和平区滨江道和平里尊盛园,"117.191192,39.127408"
南开区体育中心金禧园小区(南开),"117.168367,39.07751"
西青区侯台侯台家园,"117.118222,39.10757"
红桥区铃铛阁街西关北里,"117.175637,39.148452"
北辰区北仓蓝岸森林,"117.15203,39.218547"
河西区陈塘庄古芳里,"117.252796,39.088649"
津南区双港天房意境,"117.303173,39.017993"
河北区新开河街润泰园,"117.191642,39.17649"
西青区精武姚村景福花园,"117.121182,39.06139"
北辰区小淀新城樾风华碧樾园,"117.242052,39.257951"
津南区双港首创昆兰苑(商住楼),"117.284823,39.024378"
河西区小海地华江里,"117.265212,39.062419"
红桥区丁字沽街亿城堂庭(商住楼),"117.159515,39.179051"
红桥区西沽街龙禧园,"117.145488,39.168255"
东丽区空港经济区颐景公寓,"117.408182,39.15419"
河东区上杭路红星大厦,"117.260193,39.127482"
北辰区宜兴埠花香漫城,"117.243053,39.23297"
蓟州区渔阳镇州河湾南园(五期),"117.431114,40.013022"
东丽区无瑕街丽霞里,"117.506726,39.054741"
河西区马场道马场街先进里社区,"117.1986,39.104918"
红桥区大胡同街海河华鼎,"117.19862,39.153316"
河北区建昌道街中山北里,"117.233929,39.177856"
北辰区北仓蓝岸森林,"117.15203,39.218547"
南开区王顶堤凤园北里,"117.154555,39.096659"
河东区春华街巨福新园,"117.22319,39.144831"
塘沽区杭州道街隆盛花园,"114.209055,22.655739"
和平区南营门天赐园(和平),"117.188903,39.125106"
滨海新区中新生态城龙湖九里晴川天麟苑,"117.722447,39.101376"
南开区鼓楼东北角艺术公寓,"117.195596,39.150862"
西青区李七庄悦雅国际,"117.190615,39.062484"
宝坻区海滨街万科城市之光(宝坻),"117.348427,39.730391"
东丽区新立镇,"117.320569,39.092332"
津南区双港欣悦佳园,"117.297673,39.010652"
南开区鼓楼煦园新居,"117.193917,39.145412"
津南区津南八里台大唐盛世唐玺雅苑,"117.367753,38.91641"
北辰区果园新村霞光里(北辰),"117.143449,39.226015"
塘沽区渤海石油街万科金域国际B区,"113.871174,22.787907"
北辰区小淀新城樾风华青樾园,"117.238369,39.261598"
武清区下朱庄街君利新家园,"117.090796,39.318883"
河西区下瓦房富裕大厦(商住楼),"117.236845,39.106112"
塘沽区向阳街米兰世纪花园(别墅),"116.405084,39.868011"
红桥区芥园街泉春里,"117.174615,39.154009"
西青区张家窝津门正荣府,"117.061253,39.067505"
津南区双港善和园,"117.296565,39.027899"
河北区新开河街盛和家园,"117.192549,39.193458"
北辰区天穆天穆东里,"117.173306,39.195158"
南开区王顶堤塞纳公馆,"117.154826,39.107324"
武清区杨村街卧龙潭庄园,"117.069585,39.403329"
红桥区咸阳北路街程光里,"117.151613,39.187215"
河东区上杭路中储正荣栋境,"117.265611,39.124362"
西青区中北枫桦园,"117.081601,39.131151"
南开区王顶堤金厦里,"117.15059,39.102913"
开发区第一大街索亚万丽国际公寓,"114.996337,35.804964"
武清区杨村街运泽花园小区(中区),"117.083051,39.396244"
河西区桃园街湛江路新村,"117.208314,39.110191"
北辰区宜兴埠宜淞园,"117.230784,39.205343"
和平区南市天汇中心,"117.195182,39.137008"
南开区华苑康达尚郡,"117.136577,39.09689"
北辰区果园新村朝阳里(北辰),"117.144737,39.227527"
东丽区张贵庄街民和巷景苑,"117.332769,39.096942"
南开区华苑安华里,"117.146844,39.082979"
河东区富民路雅仕兰庭,"117.277044,39.095482"
北辰区双街镇柴楼新庄园竹园,"117.113108,39.275952"
北辰区集贤里祥泽园,"117.139377,39.234059"
塘沽区新港街东海云天,"117.714189,39.019685"
河东区东新街凤岐里,"117.279596,39.146566"
红桥区p公庄街千禧园(西区),"117.143473,39.162115"
滨海新区滨海城区荷塘苑,"117.635383,39.131339"
津南区津南八里台星耀五洲澜海庄园,"117.347325,38.908516"
津南区津南八里台星耀五洲澜海庄园,"117.347325,38.908516"
东丽区金钟街溪水河畔花园(商住楼),"117.270981,39.171783"
北辰区北仓蓝岸森林,"117.15203,39.218547"
北辰区双街镇城际美景,"117.122651,39.283211"
河西区梅江天津瑞府,"117.256704,39.047191"
塘沽区杭州道街中心北里,"117.66709,39.047293"
河东区富民路招商雍景湾,"117.272129,39.08976"
和平区南营门竞业里,"117.193871,39.11889"
河东区春华街城市之光星光园(河东),"117.219619,39.146602"
北辰区双街镇融创半湾半岛,"117.101681,39.279592"
津南区双港象博豪庭,"117.293194,39.050475"
东丽区无瑕街畅月里,"117.499313,39.051124"
东丽区无瑕街畅月里,"117.499313,39.051124"
河东区鲁山道云丽园,"117.28785,39.155981"
河东区常州道近营里,"117.256403,39.159073"
河西区大营门无锡道大楼小区,"117.222761,39.115948"
和平区新兴街锦江楼,"117.192981,39.112333"
河西区柳林振财里,"117.276526,39.068358"
河西区天塔气象南里,"117.1915,39.094782"
河东区大直沽荣兴温泉公寓,"117.244444,39.121307"
河东区二号桥福东里,"117.311282,39.099901"
武清区王庆坨镇悦公馆,"116.940937,39.180752"
南开区体育中心金研里,"117.173364,39.07825"
东丽区万新街东城家园,"117.302841,39.120233"
东丽区万新街畅悦华庭,"117.29789,39.129489"
河西区小海地三水南里,"117.269569,39.061719"
河西区马场道文静里,"117.206033,39.100004"
北辰区果园新村旭日里,"117.143814,39.225349"
河东区富民路棉三宿舍,"117.253871,39.098824"
南开区体育中心招商钻石山星城,"117.188571,39.081199"
宝坻区大白街锦绣香江芙蓉湾花园,"117.417645,39.492545"
东丽区利津路景翠园,"117.31458,39.098626"
武清区杨村街五一阳光锦园,"117.093068,39.320443"
河东区中山门丰乐里,"117.279911,39.107437"
津南区小站莲香园(东区),"117.451166,38.940978"
宝坻区大白街恒大花溪小镇,"117.435332,39.489669"
南开区学府街天大北五村,"117.18156,39.121168"
河北区光复道街昌海公寓,"117.211744,39.152875"
武清区王庆坨镇悦公馆,"116.940937,39.180752"
西青区侯台侯台花园,"117.123508,39.107076"
北辰区青光荣业园,"117.141403,39.230344"
河西区陈塘庄贵山里,"117.275607,39.061227"
塘沽区向阳街金福里(滨海),"119.833717,34.00981"
塘沽区渤海石油街和盛苑,"113.871174,22.787907"
武清区杨村街中信广场国际公寓,"117.079476,39.376725"
津南区双港鑫港园,"117.326151,39.040234"
河东区春华街华康里,"117.229851,39.151164"
南开区长虹街雅环里,"117.148754,39.152608"
武清区王庆坨镇金水湾(武清),"116.887254,39.187149"
东丽区华明镇建邦时代汇,"117.39184,39.173248"
西青区杨柳青锦绣欣居,"117.031448,39.144404"
河西区小海地桂江里(河西),"117.268908,39.057886"
宁河区芦台镇愉悦港湾,"117.847343,39.334273"
东丽区空港经济区颐景公寓,"117.408182,39.15419"
塘沽区西大沽街贻成泰和新都,"117.705973,39.041528"
津南区小站东风里(津南),"117.454553,38.934467"
南开区鼓楼煦园新居,"117.193917,39.145412"
北辰区普东街普东新苑,"117.206766,39.19505"
西青区大寺首创福特纳湾金瀚园,"117.226252,39.006603"
东丽区华明镇金泰丽湾,"117.382608,39.174144"
红桥区丁字沽街风貌里,"117.172473,39.179344"
和平区南市天汇尚苑(天津大都会),"117.193129,39.1384"
河西区越秀路中豪世纪花园,"117.225238,39.100934"
武清区杨村街香江广场,"117.093068,39.320443"
西青区杨柳青柳溪苑,"117.008504,39.145281"
武清区下朱庄街保利溪湖林语逸湖苑,"117.09861,39.351811"
南开区鼓楼龙亭家园,"117.190003,39.15091"
津南区津南八里台星耀五洲澜海庄园,"117.347325,38.908516"
蓟州区渔阳镇万晴园(蓟州),"117.413377,40.040339"
塘沽区北塘街欣平苑,"121.527236,30.921756"
武清区下朱庄街花样年花郡,"117.119696,39.339494"
南开区华苑长华里,"117.14573,39.091637"
河西区马场道中央公馆,"117.198816,39.106096"
南开区水上公园阳光100天塔喜马拉雅,"117.18553,39.09771"
河西区挂甲寺天津湾海景雅苑,"117.24688,39.097958"
西青区杨柳青乐美花园,"117.031327,39.123655"
西青区中北枫桦园,"117.081601,39.131151"
北辰区宜兴埠秋晨家园,"117.227177,39.193269"
西青区张家窝津门正荣府,"117.061253,39.067505"
北辰区普东街国宜北里,"117.206663,39.198563"
南开区王顶堤塞纳公馆,"117.154826,39.107324"
南开区体育中心金庄公寓,"117.188269,39.076666"
西青区中北运通花园,"117.112571,39.150166"
北辰区青光双青新家园荣康园,"117.091142,39.21152"
南开区鼓楼铜锣湾花园,"117.194513,39.144059"
塘沽区向阳街时代大厦,"116.134344,39.736694"
静海区静海镇美丽新都,"116.968736,38.947438"
河东区鲁山道路劲太阳城皓阳园,"117.280463,39.161265"
西青区中北枫桦园,"117.081601,39.131151"
塘沽区向阳街米兰世纪花园(别墅),"116.405084,39.868011"
北辰区大张庄镇新城悦隽风华滨斓苑,"117.22227,39.314898"
河东区上杭路红星大厦,"117.260193,39.127482"
西青区中北东兴里(西区),"117.094284,39.134908"
北辰区青光盛锦园,"117.141403,39.230344"
北辰区果园新村霞光里(北辰),"117.143449,39.226015"
河东区大王庄绚丽园,"117.225137,39.137363"
东丽区空港经济区金地悦城大境,"117.418821,39.148496"
东丽区张贵庄街润风家园,"117.315617,39.10983"
北辰区瑞景街盛庭名景花园,"117.112722,39.218734"
滨海新区滨海城区贝肯山金栗园,"117.71864,39.022248"
西青区李七庄松江城,"117.174554,39.062277"
塘沽区杭州道街弘泽城,"117.681847,39.04018"
河东区大直沽东和家园,"117.255503,39.118857"
滨海新区中新生态城鲲玉园,"117.745049,39.120923"
塘沽区胡家园街星光苑,"113.93749,22.785109"
河北区望海楼街仁恒河滨花园,"117.192587,39.165308"
北辰区北仓北辰红星国际广场(商住楼),"117.145583,39.221164"
塘沽区胡家园街红光家园,"116.38186,40.094774"
塘沽区北塘街欣然苑,"117.642228,39.135659"
河西区友谊路北大资源阅城,"117.247195,39.084218"
宝坻区宝平街腾悦馨园,"117.308955,39.724702"
静海区团泊镇梧桐公社(北里),"117.099852,38.983077"
南开区嘉陵道雅阳家园,"117.138978,39.134912"
西青区李七庄汇颐花园,"117.188749,39.067726"
塘沽区工农村街晓镇家园,"117.676766,39.053841"
西青区李七庄松江城,"117.174554,39.062277"
河东区常州道东瑞家园,"117.267211,39.163671"
西青区张家窝万科翡翠大道翡翠北苑,"117.079271,39.07224"
北辰区青光荣业园,"117.141403,39.230344"
武清区杨村街经纬城市绿洲华清家园,"117.01534,39.38594"
和平区南营门瑞竹大厦,"117.188634,39.126063"
西青区张家窝杰盛里,"117.041148,39.07098"
南开区鼓楼煦园新居,"117.193917,39.145412"
武清区杨村街保利上河雅颂(南区),"117.040683,39.383436"
开发区第三大街世纪新村,"114.996337,35.804964"
南开区王顶堤保利云禧,"117.144351,39.098568"
河北区鸿顺里街月秋里,"117.208154,39.165722"
北辰区宜兴埠宜淞园,"117.230784,39.205343"
北辰区普东街远洋未来城冬博苑,"117.227214,39.20892"
塘沽区向阳街吉宁里,"117.669434,39.038937"
和平区南市蒙古路13-15号楼,"117.195541,39.133361"
南开区鼓楼中交海河公馆,"117.156515,39.144105"
塘沽区新港街千间宿舍十二段,"117.722537,39.003477"
东丽区空港经济区新城长风雅著,"117.422783,39.150942"
南开区向阳路冶金东里,"117.138604,39.150876"
和平区新兴街同安道3-5号楼,"117.187302,39.11026"
北辰区宜兴埠宜淞园,"117.230784,39.205343"
南开区万兴街红|公寓,"117.163593,39.128352"
河东区大直沽津塘公寓,"117.251765,39.121076"
和平区南市天汇中心,"117.195182,39.137008"
河西区大营门凯德国贸,"117.22295,39.119777"
南开区王顶堤林苑北里,"117.147162,39.095751"
河东区上杭路红星大厦,"117.260193,39.127482"
津南区咸水沽紫江馨苑,"117.40248,38.990966"
北辰区北仓辰庆家园,"117.161567,39.232791"
北辰区佳荣里街瑞桐家园,"117.115633,39.19324"
武清区杨村街五一阳光锦园,"117.093068,39.320443"
塘沽区向阳街延安里,"109.501184,36.65609"
西青区新梅江南保富国际,"117.202671,39.062846"
和平区南营门融创星河和平印,"117.192757,39.125239"
塘沽区新河街漓江里(滨海),"119.827621,33.995647"
北辰区普东街远洋未来城沁雅苑,"117.227214,39.20892"
北辰区宜兴埠正荣府,"117.181677,39.241849"
北辰区北仓都汇杰座,"117.133678,39.228774"
河北区鸿顺里街昆璞里,"117.213831,39.166625"
北辰区集贤里祥诚新苑,"117.144104,39.24203"
河北区望海楼街金兆园,"117.206855,39.159667"
南开区体育中心时代奥城商住楼,"117.172779,39.083989"
塘沽区新港街紫云雅苑,"117.704086,39.018955"
开发区第五大街启航嘉园,"114.996337,35.804964"
北辰区宜兴埠正荣府,"117.181677,39.241849"
河东区常州道东惠家园,"117.26767,39.161257"
东丽区华明镇天欣花园,"117.429439,39.179829"
西青区李七庄融泰城,"117.15622,39.056378"
南开区华苑华苑新城程华里,"117.15324,39.078145"
南开区华苑安华里,"117.146844,39.082979"
大港区古林街福芳园,"117.501596,38.862208"
红桥区p公庄街龙悦花园,"117.148099,39.155478"
河东区上杭路红星大厦,"117.260193,39.127482"
南开区体育中心时代奥城商住楼,"117.172779,39.083989"
西青区李七庄悦雅国际,"117.190615,39.062484"
北辰区宜兴埠恒大御景湾,"117.190082,39.231918"
和平区南营门融创星河和平印,"117.192757,39.125239"
西青区新梅江南恒祥佳园,"117.196984,39.04834"
南开区黄河道熙汇广场,"117.129274,39.143159"
东丽区华明镇天欣花园,"117.429439,39.179829"
和平区南营门天赐园(和平),"117.188903,39.125106"
北辰区北仓北辰红星国际广场(商住楼),"117.145583,39.221164"
东丽区华明镇悦园,"117.380257,39.18519"
东丽区东丽湖月憬苑,"117.504609,39.187628"
津南区双港万科仕林苑,"117.291416,39.063861"
塘沽区工农村街盛星东海岸,"117.648259,39.06919"
南开区王顶堤迎风里,"117.153882,39.089824"
河东区上杭路万欣城菊园,"117.272273,39.125948"
北辰区双街镇国耀上河城,"117.110534,39.271231"
塘沽区渤海石油街和盛苑,"113.871174,22.787907"
东丽区空港经济区YOHO湾,"117.40033,39.162112"
津南区津南八里台中海公园城尚湖苑,"117.347692,38.919371"
武清区杨村街天鹅湖壹号,"117.063058,39.41904"
东丽区先锋路海颂园,"117.31047,39.089547"
河东区大王庄新义信里,"117.229471,39.135645"
南开区万兴街三潭东里,"117.16088,39.12381"
河东区春华街城市之光月光园(河东),"117.218835,39.145216"
西青区大寺佳和雅庭,"117.268183,39.00188"
河西区柳林柳苑公寓,"117.2747,39.080918"
静海区静海镇九通家园,"116.96435,38.934403"
蓟州区文昌街府君里,"117.424262,40.058203"
南开区向阳路乐园里,"117.134386,39.154081"
东丽区大毕庄镇新村北里,"117.274831,39.20741"
河西区小海地桂江公寓,"117.270561,39.05896"
红桥区芥园街宜兰里,"117.155052,39.156433"
北辰区集贤里紫罗园,"117.141643,39.243215"
宁河区芦台镇顺兴小区,"117.821852,39.328906"
西青区新梅江南高雅公寓,"117.199512,39.052838"
大港区胜利街四化里(滨海),"117.209485,39.106803"
河西区天塔宾水北里,"117.195183,39.088791"
宝坻区海滨街瑞景花园,"117.317846,39.728157"
北辰区小淀秀水馨苑,"117.231558,39.257025"
塘沽区塘沽新村街正康里,"117.659531,39.023768"
河西区友谊路寿园里,"117.208379,39.083475"
西青区中北运通花园,"117.112571,39.150166"
红桥区咸阳北路街昌图楼,"117.149936,39.194169"
河西区天塔富满里,"117.197598,39.076291"
南开区华苑安华里,"117.146844,39.082979"
塘沽区大沽街安阳里(大沽),"114.3995,36.105941"
津南区双港顺和园,"117.292052,39.028896"
大港区古林街福渔园,"117.499035,38.855675"
西青区中北溪景苑,"117.07902,39.129794"
南开区长虹街宜川北里,"117.158639,39.14523"
河西区挂甲寺美宁公寓,"117.245062,39.101683"
河北区鸿顺里街,"117.203593,39.153485"
津南区咸水沽广建里,"117.401145,38.991301"
东丽区军粮城军祥园,"117.447396,39.065228"
和平区南营门文化村小区,"117.187528,39.121387"
塘沽区新河街湘江里,"117.65061,39.04765"
津南区津南八里台中海公园城望湖苑,"117.364847,38.91572"
塘沽区胡家园街旭辉香郡,"117.592211,39.026742"
西青区精武姚村景福花园,"117.121182,39.06139"
塘沽区新港街胜阳里,"117.695568,39.012344"
红桥区西沽街龙禧园,"117.145488,39.168255"
西青区大寺金友花园,"117.233048,39.000191"
塘沽区北塘街欣嘉园公寓,"121.416314,31.186769"
河东区富民路滨河新苑,"117.26949,39.093074"
北辰区北仓潞河丽苑,"117.092067,39.237802"
武清区杨村街博盛园,"117.066003,39.396024"
津南区津南八里台星耀五洲澜海庄园,"117.347325,38.908516"
东丽区万新街融创融园汇莲馨苑,"117.296526,39.1264"
河东区东新街松风西里,"117.282103,39.150023"
东丽区万新街香邑国际,"117.312833,39.144185"
滨海新区滨海城区喜塘苑,"117.632114,39.137755"
西青区侯台侯台家园,"117.118222,39.10757"
西青区杨柳青柳轩苑,"117.036605,39.144852"
南开区天拖南盈江西里,"117.141155,39.109239"
西青区侯台津洲花园,"117.10592,39.103904"
西青区大寺金友花园,"117.233048,39.000191"
西青区大寺金谊花园,"117.228472,38.997635"
武清区杨村街尚清湾(北区),"117.067692,39.417343"
南开区向阳路平定里,"117.138488,39.149547"
红桥区双环街碧春园,"117.157518,39.173286"
西青区李七庄悦雅花园(AC区),"117.188992,39.064126"
塘沽区新港街世纪祥和家园(滨海),"119.827621,33.995647"
塘沽区北塘街阅海名筑,"114.126847,22.549529"
河西区越秀路港云里,"117.219985,39.105341"
红桥区西沽街水木天成阁林园,"117.142024,39.166028"
河东区东新街松风东里,"117.284746,39.150837"
红桥区西沽街水竹花园,"117.162163,39.168531"
河西区柳林振财里,"117.276526,39.068358"
西青区大寺赤龙家园,"117.237149,38.992532"
河东区春华街华腾里,"117.232946,39.149411"
津南区津南八里台海尔格林小镇风笛庭院,"117.368414,38.922427"
津南区咸水沽新城和兴府,"117.39788,38.993092"
河东区常州道东瑞家园,"117.267211,39.163671"
北辰区大张庄镇金侨瑞公馆(一期),"117.213916,39.310853"
西青区新梅江南富力津门湖红树棕榈花园,"117.216049,39.066694"
河西区陈塘庄四信公寓,"117.25364,39.085029"
武清区杨村街同泽园(武清),"117.065136,39.388508"
南开区向阳路宜君北里,"117.12846,39.152524"
西青区大寺福泉花苑,"117.21938,39.015218"
北辰区北仓瑞翔家园,"117.132241,39.211127"
北辰区果园新村丹凤里,"117.145093,39.228522"
南开区嘉陵道川北里,"117.13232,39.133992"
西青区新梅江南富力津门湖江湾广场,"117.212955,39.06897"
南开区水上公园水上温泉花园,"117.159524,39.085764"
南开区鼓楼中交海河公馆,"117.156515,39.144105"
塘沽区北塘街欣雅苑,"121.633911,31.328636"
武清区杨村街新湾花园(北园),"117.093068,39.320443"
西青区李七庄程华欣苑,"117.152366,39.057542"
和平区体育馆福林里,"117.202521,39.11744"
河西区梅江御江_,"117.243895,39.052474"
西青区新梅江南富力津门湖红树棕榈花园,"117.216049,39.066694"
宝坻区钰华街玺悦峰,"117.318934,39.696944"
和平区新兴街犀地,"117.196699,39.108892"
武清区杨村街新湾花园(北园),"117.093068,39.320443"
河西区大营门祺寿里,"117.223984,39.115134"
西青区李七庄悦雅花园(AC区),"117.188992,39.064126"
北辰区集贤里饶河里,"117.139889,39.235133"
河东区大王庄中海城市广场,"117.22391,39.129987"
南开区向阳路怡园里,"117.134433,39.152831"
北辰区青光荣溪园,"117.141403,39.230344"
武清区杨村街保利上河雅颂(北区),"117.043552,39.387714"
北辰区小淀万达青年城,"117.254634,39.240318"
河西区小海地华江里,"117.265212,39.062419"
河西区小海地华江里,"117.265212,39.062419"
津南区咸水沽新旭园,"117.402665,38.987349"
河东区大直沽荣兴温泉公寓,"117.244444,39.121307"
和平区劝业场保疆里,"117.192046,39.128965"
河西区天塔司法警校宿舍,"117.195591,39.078051"
南开区王顶堤迎风里,"117.153882,39.089824"
北辰区宜兴埠宜鹏园,"117.213038,39.20536"
河东区大直沽蝶桥公寓,"117.252189,39.109592"
河东区春华街城市之星大厦,"117.220158,39.149473"
汉沽区河西宜春里,"114.423564,27.820856"
宝坻区大白街远大城,"117.432671,39.49317"
河西区越秀路恩德西里,"117.215856,39.104901"
河北区靖江路街大江北里,"117.263041,39.171092"
河北区靖江路街大江北里,"117.263041,39.171092"
南开区万兴街义兴里,"117.173192,39.128259"
汉沽区寨上街平阳里,"103.804375,30.374662"
南开区华苑长华里,"117.14573,39.091637"
河东区二号桥福东里,"117.311282,39.099901"
东丽区万新街东城家园,"117.302841,39.120233"
河东区中山门和睦西里,"117.267472,39.114753"
南开区广开街朝园里,"117.176737,39.13984"
东丽区无瑕街民惠里,"117.514052,39.051203"
河东区大直沽海峰公寓,"117.24925,39.110746"
北辰区普东街宸欣家园,"117.198571,39.216327"
北辰区宜兴埠万科新城紫荆苑,"117.213665,39.2166"
武清区王庆坨镇金水湾(武清),"116.887254,39.187149"
河东区大直沽直沽园,"117.248702,39.117423"
河北区建昌道街育红东里,"117.230915,39.17654"
河北区光复道街顾安里,"117.203509,39.143912"
河东区二号桥建新东里(北区),"117.302797,39.097343"
北辰区宜兴埠万科新城丁香苑,"117.209825,39.215312"
红桥区双环街益春里,"117.157518,39.173286"
北辰区双街镇双街新城,"117.110284,39.267873"
红桥区双环街碧春园,"117.157518,39.173286"
北辰区果园新村旭日里,"117.143814,39.225349"
河东区春华街城市之星大厦,"117.220158,39.149473"
河东区富民路滨河新苑,"117.26949,39.093074"
东丽区新立镇蓝庭公寓,"117.373503,39.090749"
南开区体育中心水乡花园,"117.184489,39.073538"
河东区大王庄十三经路18号院,"117.232835,39.124756"
南开区王顶堤迎水东里,"117.154489,39.100152"
红桥区p公庄街万达水西台,"117.153636,39.15558"
西青区张家窝万科翡翠大道翡翠北苑,"117.079271,39.07224"
南开区向阳路凯盛家园,"117.136565,39.141602"
河西区马场道修业里,"117.212708,39.113151"
蓟州区文昌街贸源里,"117.420159,40.050098"
南开区王顶堤迎风里,"117.153882,39.089824"
南开区鼓楼东北角艺术公寓,"117.195596,39.150862"
河西区陈塘庄云山里,"117.273093,39.067387"
西青区中北慧轩家园,"117.114424,39.156755"
河西区天塔宾水里,"117.190481,39.082706"
大港区港西花园北里,"113.239604,40.051958"
塘沽区杭州道街时代名居(滨海),"113.590943,23.56226"
北辰区宜兴埠融创臻园兰禾嘉苑,"117.183985,39.244455"
西青区大寺霞东别墅小区,"117.24654,39.026407"
河东区富民路天琴里,"117.261537,39.094182"
滨海新区滨海城区宜禾南湾美欣园,"117.790809,39.117302"
南开区体育中心时代奥城,"117.172093,39.081604"
河东区富民路滨河新苑,"117.26949,39.093074"
南开区体育中心山海天,"117.166202,39.085155"
塘沽区新河街南益名士华庭玫瑰苑,"117.638473,39.058134"
西青区大寺佳和华庭,"117.270836,39.006754"
东丽区军粮城枫畅园,"117.429351,39.083421"
北辰区普东街宜居园,"117.229259,39.199653"
西青区张家窝君悦花苑,"117.048329,39.054826"
河东区大王庄十三经路18号院,"117.232835,39.124756"
武清区黄庄街金泰丽舍,"117.025456,39.371437"
南开区鼓楼中交海河公馆,"117.156515,39.144105"
和平区滨江道拉萨道4号楼,"117.221467,39.12339"
和平区体育馆诚基中心国际公寓,"117.206028,39.120778"
武清区杨村街惠昊商住,"117.093068,39.320443"
开发区第三大街朗月轩,"114.996337,35.804964"
东丽区张贵庄街民和巷景苑,"117.332769,39.096942"
津南区咸水沽津南新城合祥园,"117.401191,39.007322"
河北区望海楼街昆云里,"117.21552,39.163223"
东丽区大毕庄镇昱和里,"117.262053,39.208935"
河西区梅江梅江涟水园,"117.227089,39.068805"
河北区望海楼街孚泰公寓,"117.208549,39.15688"
河西区柳林雅致里(南区),"117.287715,39.070908"
河北区铁东路街北宁湾宁宇家园(商住楼),"117.215619,39.187509"
南开区广开街瑞德里,"117.171762,39.144202"
西青区张家窝仁盛里,"117.028307,39.081084"
津南区双港海天馨苑德信园,"117.297349,39.062179"
宝坻区海滨街天宝福苑,"117.350876,39.734934"
北辰区北仓融创御园,"117.151904,39.237339"
南开区向阳路临平里,"117.140433,39.145844"
武清区黄庄街路劲隽悦府,"117.05301,39.359328"
南开区广开街黄河道,"117.151965,39.14394"
西青区大寺金谊花园,"117.228472,38.997635"
南开区体育中心时代奥城商住楼,"117.172779,39.083989"
南开区华苑居华里,"117.150707,39.084706"
南开区天拖南晋宁北里,"117.153363,39.10934"
河西区柳林贺福里,"117.289819,39.065031"
河西区梅江南半岛豪庭,"117.229914,39.058634"
北辰区普东街远洋未来城冬博苑,"117.227214,39.20892"
河北区鸿顺里街月皓里,"117.207087,39.167536"
宝坻区海滨街绿色家园(宝坻),"117.322946,39.733892"
南开区王顶堤迎风里,"117.153882,39.089824"
和平区南营门文善里,"117.198964,39.121671"
塘沽区新河街京达明居(南区),"117.644604,39.034771"
和平区体育馆郑业里,"117.202013,39.116698"
河北区建昌道街诗景颂苑,"117.237735,39.174674"
河东区东新街曲溪西里,"117.278796,39.141766"
静海区团泊镇富力新城御湖北苑,"117.139848,38.887807"
北辰区双街镇碧龙园,"117.107686,39.264548"
静海区团泊镇富力新城御湖南苑,"117.139977,38.886453"
河东区向阳楼军馨家园,"117.264804,39.142958"
大港区迎新街兴华里(大港),"117.652652,39.046077"
南开区广开街怀仁里,"117.176955,39.142754"
东丽区新立镇丽恒花苑,"115.18682,32.476486"
西青区张家窝杰盛里,"117.041148,39.07098"
南开区向阳路连心里小区,"117.138515,39.14596"
河北区鸿顺里街律笛里,"117.211892,39.17429"
武清区豆张庄镇悦光年爱车汇广场,"116.997978,39.394375"
河西区柳林宽福里,"117.291546,39.066659"
东丽区津塘路蓝庭广场,"117.370868,39.089183"
南开区天拖南龙陵里,"117.150166,39.112706"
北辰区北仓北辰大厦,"117.134718,39.227597"
武清区豆张庄镇悦光年爱车汇广场,"116.997978,39.394375"
东丽区程林街秋丽家园,"117.302765,39.129467"
西青区中北金隅满堂红杉花苑,"117.099027,39.126402"
津南区津南八里台嘉泰翰林学府,"117.332415,38.941274"
津南区双港善和园,"117.296565,39.027899"
河北区靖江路街满江里(南区),"117.261519,39.165785"
塘沽区向阳街时代大厦,"116.134344,39.736694"
汉沽区汉沽街鑫源花苑,"117.817793,39.27377"
津南区津南八里台中海公园城澜湖苑,"117.352517,38.916258"
河东区上杭路红星国际星品大厦,"117.263343,39.126175"
津南区双港九洲创意园,"117.314424,39.04945"
南开区体育中心时代奥城,"117.172093,39.081604"
南开区华苑长华里,"117.14573,39.091637"
红桥区丁字沽街风采里,"117.171976,39.182438"
西青区大寺佳和雅庭,"117.268183,39.00188"
西青区大寺亲和康园,"117.276124,39.006656"
东丽区空港经济区颐景公寓,"117.408182,39.15419"
河西区土城七贤南里(商住楼),"117.248129,39.087949"
西青区大寺天任里,"117.250221,39.037161"
河北区光复道街昌海公寓,"117.211744,39.152875"
西青区杨柳青广汇园,"117.014074,39.145309"
东丽区空港经济区万科新里程花园,"117.411252,39.15277"
塘沽区向阳街西邻村小区,"104.110719,30.704904"
北辰区果园新村霞光里(北辰),"117.143449,39.226015"
北辰区佳荣里街瑞鹏家园,"117.117811,39.191548"
西青区侯台碧水家园B区,"117.106922,39.107555"
河西区天塔宾水西里,"117.198676,39.085944"
塘沽区新港街千间宿舍二段,"117.722537,39.003477"
东丽区张贵庄街好美嘉园,"117.303111,39.117646"
北辰区果园新村霞光里(北辰),"117.143449,39.226015"
北辰区双街镇柴楼新庄园隆园,"117.108835,39.273338"
河北区望海楼街金兆园,"117.206855,39.159667"
北辰区北仓融创御园,"117.151904,39.237339"
南开区鼓楼中交海河公馆,"117.156515,39.144105"
和平区南市天汇中心,"117.195182,39.137008"
河东区大王庄丰盛园,"117.2421,39.122567"
和平区劝业场和平翰林公馆,"117.203573,39.126583"
北辰区双街镇国耀上河城,"117.110534,39.271231"
北辰区天穆普泽家园,"117.199947,39.206585"
北辰区宜兴埠宜淞园,"117.230784,39.205343"
北辰区青光荣业园,"117.141403,39.230344"
北辰区北仓蓝岸森林,"117.15203,39.218547"
河东区富民路招商雍景湾,"117.272129,39.08976"
北辰区果园新村都旺新城兰芳园,"117.148447,39.232333"
塘沽区工农村街融科心贻湾,"117.649391,39.06292"
和平区体育馆诚基中心国际公寓,"117.206028,39.120778"
塘沽区新港街东海云天,"117.714189,39.019685"
北辰区普东街远洋未来城冬博苑,"117.227214,39.20892"
北辰区北仓荣畅园,"117.085894,39.221907"
东丽区空港经济区颐景公寓,"117.408182,39.15419"
塘沽区工农村街贻成尚北,"117.665962,39.068342"
河北区望海楼街昆石里,"117.214716,39.164695"
北辰区宜兴埠宜淞园,"117.230784,39.205343"
南开区体育中心水乡花园,"117.184489,39.073538"
南开区鼓楼中交海河公馆,"117.156515,39.144105"
北辰区果园新村旭日里,"117.143814,39.225349"
南开区体育中心时代奥城,"117.172093,39.081604"
塘沽区新港街东海云天,"117.714189,39.019685"
西青区精武姚村景福花园,"117.121182,39.06139"
西青区精武姚村景福花园,"117.121182,39.06139"
西青区李七庄美域豪庭,"117.193632,39.062452"
南开区王顶堤堤南里,"117.148663,39.100354"
河西区梅江第六田园优仕庭园,"117.234663,39.062302"
南开区华苑莹华里,"117.148228,39.088529"
南开区学府街光湖里,"117.168555,39.117495"
塘沽区大沽街碧桂园天誉,"116.174168,39.76588"
北辰区北仓辰庆家园,"117.161567,39.232791"
西青区大寺金龙花园,"117.24654,39.026407"
河北区望海楼街孚泰公寓,"117.208549,39.15688"
东丽区空港经济区YOHO湾,"117.40033,39.162112"
红桥区双环街井田公寓(北院),"117.157518,39.173286"
河北区光复道街君临大厦,"117.203854,39.138804"
津南区咸水沽金才园,"117.376902,38.989084"
塘沽区解放路街吉祥里,"116.444995,39.93205"
东丽区程林街秋丽家园,"117.302765,39.129467"
东丽区华明镇雪优花园,"117.413549,39.177307"
河东区常州道一品家园,"117.248784,39.150179"
南开区万兴街飞云东里,"117.163303,39.128282"
津南区咸水沽光明北里,"117.387588,38.995559"
西青区中北溪秀苑,"117.099271,39.129395"
南开区王顶堤凤园里,"117.154657,39.094573"
南开区天拖南盈江里,"117.14395,39.108312"
塘沽区新港街铭海园,"117.722341,39.002287"
津南区双港欣悦佳园,"117.297673,39.010652"
河西区天塔富达里,"117.200517,39.077287"
塘沽区胡家园街乐达里,"117.598421,39.040624"
西青区李七庄万科金奥广场(商住楼),"117.199241,39.071745"
河西区越秀路红波里,"117.220662,39.102455"
河西区陈塘庄古芳里,"117.252796,39.088649"
河东区春华街美福园(一期),"117.224798,39.143543"
西青区中北新科园,"117.101735,39.109902"
北辰区青光荣业园,"117.141403,39.230344"
塘沽区新河街众兴里,"117.641761,39.038833"
河东区常州道一品家园,"117.248784,39.150179"
河北区新开河街盛泰嘉园,"117.18901,39.187685"
北辰区普东街远洋未来城夏岚苑,"117.225922,39.208621"
红桥区芥园街水西园,"117.167034,39.153847"
河西区马场道三合里,"117.205111,39.104253"
北辰区青光荣悦园,"117.09895,39.217256"
北辰区小淀新城樾风华翠樾园,"117.240657,39.261202"
北辰区果园新村旭日里,"117.143814,39.225349"
南开区广开街凤玉里,"117.171364,39.138907"
津南区津南八里台枫情阳光城,"117.364134,38.905836"
南开区广开街怀仁里,"117.176955,39.142754"
静海区静海镇裕欣楼,"116.934052,38.945793"
和平区南营门天兴里,"117.196447,39.120341"
北辰区天穆金侨宸公馆(一期),"117.162793,39.215904"
东丽区空港经济区名居花园,"117.411393,39.155995"
南开区体育中心时代奥城,"117.172093,39.081604"
西青区大寺龙顺园,"117.257048,39.016209"
河西区挂甲寺前程里(河西),"117.227836,39.101647"
河北区鸿顺里街日方里,"117.201041,39.168221"
滨海新区中新生态城沁风御庭,"117.748121,39.13105"
北辰区青光荣业园,"117.141403,39.230344"
津南区海河教育园区阳光城未来悦,"117.370532,38.981143"
北辰区青光盛锦园,"117.141403,39.230344"
南开区万兴街义兴里,"117.173192,39.128259"
河西区梅江南花样年喜年广场,"117.238905,39.050093"
河西区越秀路红波里,"117.220662,39.102455"
津南区北闸口宣惠园,"117.408081,38.966375"
静海区静海镇绿城春熙云峰春熙苑,"116.969896,38.954805"
河东区大王庄丰盛园,"117.2421,39.122567"
西青区杨柳青长青里,"117.008698,39.147093"
津南区双港红|领世郡常春藤,"117.283176,39.034387"
南开区广开街怀仁里,"117.176955,39.142754"
南开区万兴街义兴南里,"117.173668,39.125871"
宝坻区海滨街灵秀丽苑,"117.357206,39.737486"
北辰区集贤里饶河里,"117.139889,39.235133"
南开区王顶堤迎水东里,"117.154489,39.100152"
河北区建昌道街育红东里,"117.230915,39.17654"
武清区汊沽港镇校苑小区,"116.946417,39.254125"
塘沽区解放路街吉祥里,"116.444995,39.93205"
河西区柳林雅致里(北区),"117.287742,39.072232"
汉沽区河西三明里,"117.229416,39.115718"
北辰区果园新村丹凤里,"117.145093,39.228522"
河北区鸿顺里街元吉里,"117.202879,39.161025"
河东区二号桥福庭里,"117.298206,39.095757"
红桥区双环街佳园北里,"117.157518,39.173286"
北辰区果园新村瀛台里,"117.137386,39.229556"
武清区豆张庄镇招商局网谷企业街区,"116.991845,39.423853"
武清区汊沽港镇翡翠湾景园,"116.958996,39.242632"
北辰区瑞景街瑞益园,"117.128848,39.213848"
北辰区集贤里虎林里,"117.136546,39.236794"
大港区港西港中双丰小区,"121.422697,31.693428"
南开区广开街级升里,"117.173628,39.144675"
河北区建昌道街富瀛洲花园,"117.233085,39.187463"
河北区靖江路街丹江里,"117.26014,39.17392"
北辰区果园新村东升里(北辰),"117.146895,39.226706"
北辰区双街镇聚龙园,"117.111183,39.263922"
宝坻区宝平街中保宏发楼,"117.311073,39.723021"
河北区宁园街富秀园,"117.224918,39.166788"
西青区大寺金泽园,"117.226887,39.012072"
北辰区集贤里饶河里,"117.139889,39.235133"
河西区天塔宾水里,"117.190481,39.082706"
塘沽区西大沽街新桥里,"117.667597,39.00372"
北辰区双街镇融创东岸名郡,"117.099272,39.310822"
北辰区果园新村果园里,"117.148875,39.224644"
西青区大寺赤龙家园,"117.237149,38.992532"
河西区小海地华江里,"117.265212,39.062419"
津南区咸水沽育才里(津南),"117.390003,38.996868"
河西区柳林风致里,"117.229416,39.115718"
河东区东新街天泉西里,"117.28779,39.13715"
西青区精武姚村景福花园,"117.121182,39.06139"
西青区李七庄悦雅花园(AC区),"117.188992,39.064126"
南开区天拖南华宁南里,"117.156515,39.144105"
和平区南营门观云里,"117.192765,39.117248"
河西区柳林景致里,"117.284591,39.07194"
南开区王顶堤堤中里,"117.150766,39.103647"
南开区王顶堤园荫北里,"117.150688,39.097753"
南开区兴南街伊顿玫瑰公寓,"117.180421,39.135715"
河东区鲁山道彩丽园,"117.295066,39.15751"
河西区柳林宽福里,"117.291546,39.066659"
静海区团泊镇金科天湖南苑,"117.099083,38.977724"
红桥区双环街碧春园,"117.157518,39.173286"
南开区王顶堤林苑北里,"117.147162,39.095751"
大港区迎新街六合里(滨海),"120.284881,34.272566"
西青区大寺梅江康城益康园,"117.230057,39.03202"
河北区鸿顺里街律笛里,"117.211892,39.17429"
西青区精武富家湾,"117.132191,39.057747"
河西区小海地华江里,"117.265212,39.062419"
河东区常州道一品家园,"117.248784,39.150179"
河东区上杭路红星大厦,"117.260193,39.127482"
塘沽区向阳街福园里,"117.673675,39.032187"
南开区王顶堤园荫里,"117.152121,39.096456"
大港区迎宾街重阳里,"117.470723,38.852443"
河西区下瓦房福盛花园,"117.233982,39.107887"
河西区大营门重建里,"117.230154,39.116712"
津南区双港仁和园(津南),"117.32534,39.04859"
武清区王庆坨镇金水湾(武清),"116.887254,39.187149"
河东区中山门友爱东道小区,"117.275222,39.107493"
开发区第四大街万通新城国际,"114.996337,35.804964"
南开区学府街照湖里,"117.166301,39.117061"
宝坻区宝平街建设楼(宝坻),"117.302982,39.724608"
和平区南营门瑞竹大厦,"117.188634,39.126063"
西青区侯台侯台家园,"117.118222,39.10757"
北辰区普东街富宜里,"117.210804,39.201051"
红桥区丁字沽街风光里,"117.174053,39.18066"
北辰区宜兴埠翠萍园,"117.228061,39.194105"
南开区天拖南盈江里,"117.14395,39.108312"
河北区鸿顺里街胜天里,"117.201199,39.164029"
西青区大寺金旺佳园,"117.168301,39.06003"
东丽区利津路永平巷,"117.319116,39.097277"
南开区华苑天华里(南开),"117.141779,39.086338"
西青区大寺赤龙家园,"117.237149,38.992532"
南开区王顶堤凤园里,"117.154657,39.094573"
红桥区双环街碧春园,"117.157518,39.173286"
河东区向阳楼阳新里,"117.276733,39.137051"
南开区广开街级升里,"117.173628,39.144675"
津南区双港宝福家园,"117.284765,39.052879"
河北区光复道街瑞海大厦,"117.205992,39.146189"
河西区柳林八七楼,"117.229416,39.115718"
红桥区咸阳北路街绥中楼,"117.14805,39.191711"
大港区胜利街双安里,"117.464854,38.844864"
西青区大寺赤龙家园,"117.237149,38.992532"
津南区小站水墨兰庭,"117.456346,38.928799"
红桥区双环街佳园北里,"117.157518,39.173286"
津南区北闸口人安里,"117.413331,38.959035"
北辰区普东街今日家园,"117.215193,39.198703"
河西区小海地松江里,"117.264619,39.064009"
南开区鼓楼天霖园,"117.180597,39.146117"
北辰区普东街今日家园,"117.215193,39.198703"
津南区小站天山龙玺,"117.445402,38.935911"
南开区学府街风湖里,"117.165555,39.119509"
塘沽区向阳街延安里,"109.501184,36.65609"
和平区南营门银达公寓,"117.187232,39.118365"
西青区中北华兴里(西青),"117.094311,39.085484"
津南区小站昊天园,"117.455461,38.937557"
北辰区果园新村霞光里(北辰),"117.143449,39.226015"
塘沽区胡家园街星海苑,"116.457983,39.770496"
河西区友谊路西园西里,"117.209241,39.085578"
东丽区东丽湖天安象屿都汇,"117.445389,39.172929"
西青区杨柳青英伦名苑,"117.01504,39.131578"
河西区小海地桂江里(河西),"117.268908,39.057886"
武清区杨村街悦光年威壹汽车中心,"117.093068,39.320443"
南开区王顶堤迎水西里,"117.151987,39.099971"
北辰区双街镇柴楼新庄园隆园,"117.108835,39.273338"
河西区天塔富满里,"117.197598,39.076291"
南开区王顶堤金冠里,"117.146126,39.103336"
河西区友谊路环湖中路小区,"117.193316,39.08688"
南开区万兴街义兴南里,"117.173668,39.125871"
塘沽区新港街近开里,"117.721858,39.014487"
南开区华苑地华里,"117.133105,39.08996"
河西区桃园街庆荣里社区,"117.217045,39.110482"
北辰区青光盛泽园,"117.078833,39.21373"
河东区上杭路红星国际星品大厦,"117.263343,39.126175"
津南区双港吉畅园,"117.293226,39.026519"
武清区杨村街蒲瑞祥园西区,"117.015315,39.407947"
津南区辛庄辛唐花园,"117.340714,39.04053"
西青区中北溪景苑,"117.07902,39.129794"
武清区杨村街慧翔龙苑,"117.093068,39.320443"
东丽区军粮城军丽园,"117.451232,39.060144"
南开区向阳路春畅里,"117.125234,39.157872"
南开区鼓楼铜锣湾花园,"117.194513,39.144059"
静海区静海镇金重金翠澜庭,"116.92903,38.936"
津南区双港海天馨苑惠君园,"117.302204,39.056184"
北辰区双街镇聚龙园,"117.111183,39.263922"
西青区中北曹庄欣苑,"117.091729,39.145993"
河北区靖江路街涪江南里,"117.253703,39.167881"
西青区李七庄松江城,"117.174554,39.062277"
河西区天塔宾水南里,"117.200598,39.086357"
南开区向阳路原平里,"117.138044,39.148422"
北辰区双街镇城际美景,"117.122651,39.283211"
西青区精武万科翡翠紫台,"117.123668,39.084161"
宝坻区周良街上京嘉园,"117.404082,39.540407"
南开区体育中心融创奥城天玺,"117.176884,39.080994"
和平区南营门天兴里,"117.196447,39.120341"
南开区向阳路乡宁里,"117.135225,39.147033"
河西区柳林宽福里,"117.291546,39.066659"
北辰区果园新村都旺新城兰芳园,"117.148447,39.232333"
河西区梅江南天浦园,"117.232146,39.051788"
南开区华苑久华里,"117.142145,39.094646"
东丽区东丽湖东丽湖万科城揽城苑,"117.517273,39.185911"
东丽区空港经济区远洋新干线,"117.392556,39.168667"
塘沽区解放路街吉祥里,"116.444995,39.93205"
西青区李七庄程华欣苑,"117.152366,39.057542"
河西区天塔宾水北里,"117.195183,39.088791"
河西区陈塘庄古芳里,"117.252796,39.088649"
蓟州区文昌街碧玉家园,"117.454508,40.056268"
武清区杨村街博盛园,"117.066003,39.396024"
北辰区双街镇融创东岸名郡,"117.099272,39.310822"
南开区鼓楼九州国际,"117.185992,39.143761"
红桥区西于庄街葆节楼,"117.16518,39.17427"
南开区王顶堤园荫里,"117.152121,39.096456"
蓟州区罗庄子镇广播电视局家属楼,"117.426301,40.144828"
大港区古林街福满园,"116.457859,39.95331"
西青区大寺亲和康园,"117.276124,39.006656"
北辰区瑞景街,"117.121557,39.215805"
南开区长虹街雅园里,"117.147112,39.150755"
河西区小海地漓江里(河西),"117.257659,39.065611"
和平区南营门景阳里,"117.195461,39.123018"
北辰区果园新村霞光里(北辰),"117.143449,39.226015"
宁河区芦台镇福康花园,"117.827909,39.3168"
和平区新兴街同发里(和平),"117.193954,39.112483"
河西区柳林谦福里,"117.292495,39.069639"
和平区劝业场爱建公寓,"117.193351,39.131054"
塘沽区新河街长江里(滨海),"119.827621,33.995647"
北辰区双街镇双街新家园,"117.114572,39.268389"
红桥区丁字沽街胜灾楼,"117.161732,39.189222"
南开区万兴街同安里(南开),"117.180979,39.125607"
大港区胜利街双安里,"117.464854,38.844864"
和平区南营门瑞竹大厦,"117.188634,39.126063"
河西区陈塘庄华山里,"117.270896,39.070589"
河东区富民路雅仕兰庭,"117.277044,39.095482"
宝坻区周良街京津新城上京熙园,"117.388822,39.550006"
南开区广开街级升里,"117.173628,39.144675"
宝坻区海滨街中天城市风景,"117.340882,39.742645"
南开区鼓楼东北角艺术公寓,"117.195596,39.150862"
红桥区芥园街立兴里楼,"117.156903,39.153722"
宝坻区海滨街灵秀丽苑,"117.357206,39.737486"
红桥区芥园街南头窑大楼,"117.167942,39.150406"
红桥区双环街佳春里,"117.157518,39.173286"
东丽区军粮城军秀园,"117.45581,39.05886"
南开区华苑天华里(南开),"117.141779,39.086338"
武清区杨村街五一阳光锦园,"117.093068,39.320443"
和平区小白楼贵厚里,"117.216042,39.122253"
河东区富民路棉三宿舍,"117.253871,39.098824"
武清区黄庄街世茂国风雅颂,"117.046223,39.361221"
河西区天塔宾水东里,"117.198112,39.088564"
红桥区咸阳北路街水木天成闻涛园,"117.13584,39.165911"
河东区鲁山道绿萱别墅,"117.284297,39.158933"
西青区精武于泽园,"117.163462,39.056621"
河北区铁东路街荣强里,"117.211165,39.191894"
北辰区北仓泽天下顺泽园,"117.124206,39.238114"
北辰区青光盛泽园,"117.078833,39.21373"
南开区向阳路彩霞里,"117.143205,39.146949"
和平区劝业场耕余里,"117.197996,39.130053"
南开区王顶堤堤南里,"117.148663,39.100354"
河北区建昌道街诗景广场,"117.239915,39.174508"
开发区第三大街朗月轩,"114.996337,35.804964"
河西区天塔宾水西里,"117.198676,39.085944"
南开区鼓楼尚佳新苑(商住楼),"117.185189,39.150955"
河东区上杭路红星大厦,"117.260193,39.127482"
西青区中北旭辉御府,"117.073272,39.119966"
西青区杨柳青英伦名苑,"117.01504,39.131578"
南开区华苑地华里,"117.133105,39.08996"
南开区王顶堤堤南里,"117.148663,39.100354"
西青区李七庄丽江花园,"117.195668,39.068889"
宁河区芦台镇庆阳里(宁河),"117.832393,39.336956"
南开区华苑华苑新城程华里,"117.15324,39.078145"
津南区双港靖博园,"117.293184,39.061446"
北辰区宜兴埠春泽苑,"117.230865,39.208827"
河西区马场道新闻里,"117.206834,39.102489"
西青区杨柳青柳兰花苑,"117.046465,39.146975"
河北区光复道街旺海国际广场,"117.20292,39.151371"
武清区下朱庄街花样年花郡,"117.119696,39.339494"
塘沽区新港街北仑里(西区),"117.718904,39.012507"
红桥区西沽街水木天成阁林园,"117.142024,39.166028"
南开区王顶堤堤中里,"117.150766,39.103647"
北辰区宜兴埠融创臻园兰禾嘉苑,"117.183985,39.244455"
北辰区北仓蓝岸森林,"117.15203,39.218547"
南开区王顶堤林苑西里,"117.149015,39.09189"
塘沽区东大沽街和美苑,"104.033374,30.673325"
塘沽区渤海石油街和盛苑,"113.871174,22.787907"
和平区南营门市政里小区,"117.194508,39.124105"
武清区杨村街新湾花园(北园),"117.093068,39.320443"
武清区杨村街新湾花园(北园),"117.093068,39.320443"
河东区春华街新博园,"117.221469,39.153468"
南开区万兴街红|花园,"117.163593,39.128352"
河西区尖山路洪泽花园,"117.245949,39.089925"
北辰区青光荣溪园,"117.141403,39.230344"
东丽区新立镇齐河路3号楼,"117.334769,39.094352"
东丽区万新街东城家园,"117.302841,39.120233"
宝坻区宝平街宝平景苑(西区),"117.297539,39.714703"
宝坻区海滨街灵秀丽苑,"117.357206,39.737486"
南开区体育中心金研里,"117.173364,39.07825"
河东区春华街远洋新天地家园,"117.227531,39.147469"
河西区陈塘庄彭山里,"117.27407,39.064697"
北辰区集贤里讷河里,"117.142265,39.237773"
宝坻区海滨街灵秀丽苑,"117.357206,39.737486"
静海区静海镇塞维阳光,"116.95071,38.947344"
滨海新区中新生态城宝龙城南苑,"117.768331,39.101928"
北辰区果园新村东升里(北辰),"117.146895,39.226706"
河东区中山门和睦西里,"117.267472,39.114753"
大港区港西花园南里(三区),"121.422697,31.693428"
红桥区双环街佳园北里,"117.157518,39.173286"
北辰区果园新村东升里(北辰),"117.146895,39.226706"
北辰区大张庄镇,"117.234652,39.2972"
河东区大王庄中海城市广场,"117.22391,39.129987"
北辰区北仓蓝岸森林,"117.15203,39.218547"
北辰区天穆万隆桃香园,"117.166469,39.201291"
河东区上杭路程林里,"117.267124,39.132803"
南开区广开街卫安中里,"117.176839,39.145041"
北辰区果园新村东升里(北辰),"117.146895,39.226706"
蓟州区文昌街安裕新村,"117.422736,40.042353"
大港区港西三号院中区,"121.422697,31.693428"
南开区嘉陵道易川里,"117.134734,39.130774"
塘沽区塘沽新村街新港大街小区,"117.664516,39.025879"
北辰区小淀欧铂城小区,"117.262979,39.238764"
武清区杨村街君利商厦,"117.075647,39.379625"
河东区常州道东惠家园,"117.26767,39.161257"
大港区迎新街前光里,"117.455211,38.838957"
西青区张家窝津门正荣府,"117.061253,39.067505"
河东区上杭路程林里,"117.267124,39.132803"
南开区鼓楼东北角艺术公寓,"117.195596,39.150862"
塘沽区杭州道街长征里,"117.668046,39.043873"
津南区咸水沽星宇花园,"117.404676,38.994466"
大港区海滨团结里(大港),"118.59274,24.911628"
武清区杨村街五一阳光锦园,"117.093068,39.320443"
塘沽区胡家园街远洋城滨尚花园,"117.606166,39.040969"
南开区黄河道,"117.151965,39.14394"
塘沽区大沽街万科金域国际A区,"114.251986,30.559994"
津南区小站东风里(津南),"117.454553,38.934467"
南开区天拖南盈江东里,"117.14326,39.105802"
大港区胜利街四化里(滨海),"117.209485,39.106803"
河西区陈塘庄云山里,"117.273093,39.067387"
和平区小白楼招商津湾天玺,"117.217242,39.137142"
北辰区宜兴埠宜景园,"117.225677,39.195265"
武清区杨村街新湾花园(南园),"117.093068,39.320443"
河西区越秀路绮云里,"117.221088,39.099738"
红桥区西于庄街敦煌楼,"117.162099,39.176019"
河西区小海地兰江新苑,"117.261487,39.061316"
河西区挂甲寺新城小区,"117.242691,39.095468"
西青区李七庄凌福郡庭,"117.183153,39.066277"
和平区南市金茂广场(商住楼),"117.188525,39.13691"
大港区胜利街三春里,"117.463967,38.848408"
河东区春华街东景大厦,"117.218357,39.149249"
塘沽区塘沽新村街阳光金地,"117.66602,39.027097"
河西区大营门孚德里,"117.221932,39.118106"
塘沽区渤海石油街和丽苑,"113.871174,22.787907"
红桥区双环街碧春园,"117.157518,39.173286"
汉沽区寨上街东风南里,"115.969094,39.759809"
北辰区普东街都市桃源,"117.204469,39.207614"
北辰区小淀欧铂城小区,"117.262979,39.238764"
西青区李七庄育水佳苑c区,"117.189154,39.043221"
河西区桃园街西楼北里,"117.223882,39.109328"
北辰区大张庄镇喜凤花园,"117.221045,39.323344"
南开区王顶堤迎水南里,"117.154552,39.098227"
东丽区利津路永平巷,"117.319116,39.097277"
红桥区丁字沽街桃花园东里,"117.177361,39.183569"
河东区大直沽怡安温泉公寓,"117.241354,39.118971"
和平区体育馆永定里,"117.204331,39.117136"
大港区胜利街四化里(滨海),"117.209485,39.106803"
南开区向阳路乐园里,"117.134386,39.154081"
红桥区丁字沽街潞河园,"117.166115,39.189602"
大港区港西采油小区,"121.422697,31.693428"
宝坻区钰华街天宝华苑,"117.311831,39.715326"
河东区中山门团结东里(河东),"117.274617,39.111404"
津南区双港善和园,"117.296565,39.027899"
红桥区西于庄街子牙里,"117.163768,39.172959"
宝坻区钰华街天宝华苑,"117.311831,39.715326"
南开区王顶堤横江里,"117.144128,39.111593"
和平区劝业场福明里,"117.195444,39.132725"
红桥区双环街佳宁里,"117.157518,39.173286"
东丽区利津路詹滨里社区,"117.316806,39.094916"
红桥区铃铛阁街庆丰里(红桥),"117.159034,39.150496"
河西区越秀路惠阳里(河西),"117.217492,39.099484"
北辰区普东街淮盛园,"117.198583,39.221838"
东丽区大毕庄镇新村北里,"117.274831,39.20741"
河西区小海地华江里,"117.265212,39.062419"
南开区王顶堤燕园里,"117.153178,39.10111"
和平区劝业场新佳里,"117.196535,39.132742"
红桥区咸阳北路街程光里,"117.151613,39.187215"
北辰区双街镇碧龙园,"117.107686,39.264548"
武清区杨村街五一阳光锦园,"117.093068,39.320443"
西青区李七庄金丽花园,"117.177907,39.063896"
西青区大寺宇泰家园,"117.218933,39.034264"
红桥区大胡同街御河湾新苑,"117.179493,39.16072"
南开区广开街宝龙湾家园,"117.172283,39.146725"
塘沽区杭州道街岷江西里,"117.644463,39.051645"
和平区新兴街犀地,"117.196699,39.108892"
红桥区大胡同街惠灵顿河庭花苑,"117.177236,39.157937"
河北区光复道街盛海公寓,"117.2101,39.152888"
西青区李七庄美域豪庭,"117.193632,39.062452"
河北区光复道街君临大厦,"117.203854,39.138804"
北辰区天穆天辰世纪天和丽园,"117.168759,39.204867"
宝坻区钰华街金顺园,"117.314078,39.691002"
红桥区芥园街泉春里,"117.174615,39.154009"
东丽区无瑕街民惠里,"117.514052,39.051203"
北辰区北仓金凤里(北辰),"117.13194,39.232909"
东丽区东丽湖朗钜天域维尔蓝堤(北区),"117.499404,39.199578"
塘沽区杭州道街兴华里(塘沽),"117.652652,39.046077"
塘沽区解放路街民安里,"117.67109,39.026539"
和平区滨江道拉萨道4号楼,"117.221467,39.12339"
东丽区军粮城和顺家园(六区),"117.489579,39.084314"
河东区富民路雅仕兰庭,"117.277044,39.095482"
宝坻区潮阳街万和兴园,"117.296467,39.661291"
大港区胜利街三春里,"117.463967,38.848408"
西青区中北华兴里(西青),"117.094311,39.085484"
东丽区东丽湖赏湖苑,"117.496585,39.188883"
南开区鼓楼壹街区静德花园,"117.194408,39.149156"
津南区双港红|领世郡尚景园,"117.274299,39.036724"
武清区下朱庄街静湖花园(中区),"117.095693,39.346706"
红桥区双环街佳园北里,"117.157518,39.173286"
和平区新兴街犀地,"117.196699,39.108892"
塘沽区杭州道街辽宁里,"117.666868,39.040858"
汉沽区河西泰安里(滨海),"119.827621,33.995647"
南开区体育中心时代奥城,"117.172093,39.081604"
南开区鼓楼仁恒海河广场,"117.199081,39.144499"
津南区小站天山水榭花都怡泽轩(南区),"117.450069,38.935103"
东丽区张贵庄街夏欣园,"117.327618,39.118233"
津南区辛庄首创禧悦,"117.357074,39.042999"
津南区津南八里台碧桂园映月庭院,"117.337661,38.943775"
南开区体育中心凌奥花园,"117.180733,39.070018"
塘沽区胡家园街安达里(滨海),"116.463397,39.842706"
河西区陈塘庄世芳园,"117.265788,39.085398"
和平区劝业场和平翰林公馆,"117.203573,39.126583"
东丽区华明镇景湖苑13号配建楼,"117.397425,39.172796"
南开区王顶堤金环里(南开),"117.145503,39.106724"
西青区大寺亲和康园,"117.276124,39.006656"
宝坻区海滨街宝鑫景苑,"117.330303,39.741148"
河西区陈塘庄四信里,"117.255673,39.084444"
塘沽区杭州道街辽宁里,"117.666868,39.040858"
河北区宁园街天房宁欣花园,"117.227198,39.172646"
河西区天塔宾水南里,"117.200598,39.086357"
红桥区西沽街龙禧园,"117.145488,39.168255"
东丽区新立镇四合新城,"117.371351,39.081823"
南开区学府街学湖里,"117.173325,39.118587"
红桥区芥园街南头窑大楼,"117.167942,39.150406"
河北区鸿顺里街日远里,"117.20378,39.168219"
津南区双港欣悦佳园,"117.297673,39.010652"
东丽区无瑕街秋霞里,"117.51249,39.048123"
塘沽区北塘街君澜名邸,"117.704083,39.100616"
西青区张家窝家泰里,"117.030117,39.082664"
塘沽区西大沽街和睦园,"104.05634,30.714901"
河西区马场道金山里(河西),"117.195061,39.095235"
北辰区双街镇柴楼新庄园竹园,"117.113108,39.275952"
南开区华苑绮华里,"117.142029,39.090724"
南开区向阳路富平里,"117.140428,39.146981"
北辰区天穆天辰世纪天和丽园,"117.168759,39.204867"
和平区南营门吉星南里,"117.194939,39.121841"
大港区胜利街世纪嘉园,"116.417165,39.988742"
静海区团泊镇富力新城云景庭苑,"117.150529,38.881259"
北辰区宜兴埠万科新城惠兰苑,"117.215524,39.218392"
河西区马场道三合里,"117.205111,39.104253"
河东区春华街远洋新天地家园,"117.227531,39.147469"
河西区天塔宾水里,"117.190481,39.082706"
大港区古林街福泽园(滨海),"119.925696,34.011314"
西青区西营门盛和丽园,"117.110527,39.172297"
武清区王庆坨镇金水湾(武清),"116.887254,39.187149"
河西区小海地中海左岸源境,"117.264234,39.059058"
南开区向阳路彩霞里,"117.143205,39.146949"
南开区天拖南盈江里,"117.14395,39.108312"
西青区大寺赤龙家园,"117.237149,38.992532"
塘沽区杭州道街泰祥里,"117.6613,39.031316"
北辰区青光荣溪园,"117.141403,39.230344"
南开区天拖南盈江东里,"117.14326,39.105802"
西青区大寺赤龙家园,"117.237149,38.992532"
塘沽区向阳街延安里,"109.501184,36.65609"
和平区体育馆诚基中心国际公寓,"117.206028,39.120778"
南开区长虹街进步里(南开),"117.158712,39.144154"
和平区新兴街犀地,"117.196699,39.108892"
大港区港西南春园小区,"121.422697,31.693428"
南开区体育中心时代奥城商住楼,"117.172779,39.083989"
塘沽区杭州道街兴华里(塘沽),"117.652652,39.046077"
西青区大寺佳和华庭,"117.270836,39.006754"
南开区向阳路昔阳东里,"117.135046,39.140122"
武清区下朱庄街花样年花郡,"117.119696,39.339494"
和平区新兴街佳怡公寓,"117.18751,39.116028"
武清区杨村街新湾花园(北园),"117.093068,39.320443"
南开区万兴街新都大厦小区,"117.1857,39.124863"
河东区鲁山道绿萱别墅,"117.284297,39.158933"
河北区月牙河街泉江里小区,"117.267464,39.174541"
东丽区空港经济区颐景公寓,"117.408182,39.15419"
北辰区果园新村丹凤里,"117.145093,39.228522"
河西区桃园街湛江路新村,"117.208314,39.110191"
蓟州区文昌街山水和苑,"117.420159,40.050098"
西青区张家窝万科四季花城文博园,"117.038454,39.062039"
北辰区果园新村东升里(北辰),"117.146895,39.226706"
塘沽区北塘街欣中苑,"117.642016,39.133692"
河东区富民路恒大帝景,"117.267393,39.089966"
南开区华苑久华里,"117.142145,39.094646"
宝坻区海滨街金玉二园,"117.326299,39.720965"
塘沽区工农村街贻成豪庭,"117.659991,39.074564"
北辰区普东街宸欣家园,"117.198571,39.216327"
河西区下瓦房敬重里,"117.226985,39.116431"
北辰区北仓南仓新苑,"117.153102,39.21233"
滨海新区中新生态城宝龙城北苑,"117.748121,39.13105"
西青区李七庄和瑞园,"117.179883,39.06363"
滨海新区滨海城区樾塘芳塘苑,"117.632369,39.132077"
塘沽区北塘街欣中苑,"117.642016,39.133692"
滨海新区滨海城区喜塘苑,"117.632114,39.137755"
河东区上杭路红星大厦,"117.260193,39.127482"
西青区精武联发锦里,"117.12214,39.081888"
津南区双港御南创意园,"117.300354,39.042146"
东丽区新立镇东丽开发区国际医疗器械产业园,"117.35774,39.087028"
河东区大王庄八纬路小区(八纬路113-127号(单号)),"117.235692,39.127012"
南开区华苑十华里,"117.133274,39.093683"
西青区侯台津洲花园,"117.10592,39.103904"
南开区鼓楼富力城华庭,"117.179123,39.150611"
南开区黄河道熙汇广场,"117.129274,39.143159"
武清区黄庄街金泰丽舍,"117.025456,39.371437"
东丽区军粮城和顺家园(五区),"117.486054,39.084452"
东丽区万新街上东金茂智慧科学城金悦雅苑,"117.298981,39.116744"
河西区陈塘庄龙天园,"117.273401,39.077024"
津南区海河教育园区龙湖天璞,"117.34242,39.001167"
红桥区p公庄街建设里,"117.164017,39.160564"
南开区王顶堤金堤里,"117.150171,39.104772"
塘沽区杭州道街贻信园,"117.655078,39.036849"
河西区陈塘庄五福里,"117.261583,39.084854"
河东区上杭路红星大厦,"117.260193,39.127482"
塘沽区向阳街安琪花园,"121.24352,31.046359"
南开区长虹街雅云里,"117.147694,39.149086"
红桥区咸阳北路街民畅园,"117.136996,39.172644"
津南区双港海天馨苑通鑫园,"117.305023,39.057568"
南开区万兴街融汇北苑,"117.179606,39.128592"
塘沽区北塘街欣然苑,"117.642228,39.135659"
北辰区青光荣乐园,"117.141403,39.230344"
河东区春华街,"117.225051,39.151505"
南开区天拖南淦江东里,"117.153184,39.107235"
河西区陈塘庄龙天园,"117.273401,39.077024"
津南区咸水沽祥福里,"117.385921,38.999909"
武清区杨村街惠昊商住,"117.093068,39.320443"
津南区咸水沽泰康里,"117.392742,38.993277"
西青区大寺佳和雅庭,"117.268183,39.00188"
北辰区天穆天穆东苑,"117.164184,39.200369"
河西区天塔蔚蓝轩,"117.189481,39.088219"
西青区大寺金谊花园,"117.228472,38.997635"
宝坻区海滨街泰富裕园,"117.331457,39.722395"
河东区上杭路程林里,"117.267124,39.132803"
大港区世纪大道福汇园,"117.49167,38.860238"
南开区广开街卫安北里,"117.177323,39.146891"
武清区徐官屯街景瑞花园,"117.111253,39.415233"
武清区杨村街枫丹天城,"117.030596,39.395176"
北辰区双街镇双街新城,"117.110284,39.267873"
塘沽区北塘街欣昌苑,"117.647127,39.138065"
西青区大寺龙顺园,"117.257048,39.016209"
和平区南营门瑞竹大厦,"117.188634,39.126063"
南开区向阳路锦园里,"117.134872,39.155676"
和平区滨江道沈阳道曲阳胡同小区,"117.201231,39.129798"
西青区精武国兴佳园,"117.124582,39.050499"
东丽区张贵庄街金隅悦城秀悦园,"117.322915,39.116239"
静海区团泊镇津泊湾,"117.170844,38.923231"
塘沽区解放路街吉祥里,"116.444995,39.93205"
河东区大王庄机电楼,"117.232311,39.135014"
河北区宁园街泽园公寓,"117.230283,39.171214"
东丽区津塘路万科金域华府蓝庭雅苑,"117.360121,39.09596"
南开区兴南街寿康里,"117.179361,39.13545"
宝坻区海滨街瑞祥花园(宝坻),"117.31517,39.727528"
南开区天拖南盈江里,"117.14395,39.108312"
河西区天塔年德里,"117.204673,39.081981"
河北区光复道街瑞海大厦,"117.205992,39.146189"
南开区王顶堤凤园里,"117.154657,39.094573"
河西区马场道三合里,"117.205111,39.104253"
和平区劝业场宜天花园(和平时光),"117.191237,39.128995"
和平区南营门吉利花园,"117.198879,39.124562"
河东区向阳楼翠阜新村翠荫里,"117.263166,39.147474"
河西区大营门凯德国贸,"117.22295,39.119777"
塘沽区新港街新都家园,"116.348289,40.065798"
北辰区双街镇碧龙园,"117.107686,39.264548"
南开区天拖南保山南里,"117.153608,39.111304"
红桥区西沽街水木天成阁林园,"117.142024,39.166028"
河西区越秀路恩德东里,"117.21667,39.106319"
南开区王顶堤金厦里,"117.15059,39.102913"
和平区南市天汇茗苑,"117.19334,39.13848"
西青区新梅江南富力津门湖江湾广场,"117.212955,39.06897"
北辰区果园新村东升里(北辰),"117.146895,39.226706"
红桥区大胡同街惠灵顿河庭花苑,"117.177236,39.157937"
南开区体育中心时代奥城,"117.172093,39.081604"
南开区向阳路昔阳南里,"117.1337,39.138741"
和平区滨江道拉萨道4号楼,"117.221467,39.12339"
西青区中北东兴里(东区),"117.096292,39.135103"
河北区光复道街君临大厦,"117.203854,39.138804"
东丽区万新街畅悦华庭,"117.29789,39.129489"
红桥区咸阳北路街永进楼,"117.146092,39.194638"
西青区中北华亭国际,"117.079691,39.125908"
塘沽区胡家园街欣美园,"117.587051,39.033375"
北辰区北仓荣畅园,"117.085894,39.221907"
南开区鼓楼仁恒海河广场,"117.199081,39.144499"
西青区杨柳青青云里,"117.021116,39.151093"
西青区侯台侯台家园,"117.118222,39.10757"
南开区体育中心海天国际公寓,"117.175607,39.0781"
河西区下瓦房福盛花园,"117.233982,39.107887"
北辰区果园新村霞光里(北辰),"117.143449,39.226015"
河东区二号桥福东北里,"117.311781,39.102222"
塘沽区新河街高新里,"117.636309,39.038543"
北辰区瑞景街燕宇艺术家园,"117.128112,39.204179"
南开区王顶堤金冠里,"117.146126,39.103336"
西青区大寺龙居花园一区,"117.251452,39.024889"
河西区友谊路恒盛大厦,"117.217954,39.082192"
和平区滨江道拉萨道4号楼,"117.221467,39.12339"
河东区向阳楼红城柏丽花园,"117.243017,39.151693"
北辰区果园新村高峰里,"117.148839,39.22761"
塘沽区北塘街海沣苑,"117.705398,39.114234"
塘沽区塘沽新村街新兴里(滨海),"117.66602,39.027097"
红桥区咸阳北路街北岸中心,"117.147827,39.185942"
东丽区津塘路万科金域华府蓝庭雅苑,"117.360121,39.09596"
开发区第五大街启航嘉园,"114.996337,35.804964"
开发区第五大街启航嘉园,"114.996337,35.804964"
北辰区北仓北辰红星国际广场(商住楼),"117.145583,39.221164"
南开区体育中心时代奥城商住楼,"117.172779,39.083989"
河东区一号桥金地紫乐广场,"117.289157,39.101021"
西青区张家窝保利金融街诺丁山,"117.041693,39.055271"
河北区新开河街盛泰嘉园,"117.18901,39.187685"
西青区中北溪悦园,"117.074981,39.129408"
塘沽区杭州道街杭州道小区(滨海),"119.827621,33.995647"
塘沽区杭州道街弘泽城,"117.681847,39.04018"
东丽区东丽湖恒大翡翠华庭,"117.479351,39.207468"
东丽区空港经济区中铁建梧桐苑,"117.41909,39.145862"
塘沽区新港街紫云园,"116.712543,39.91936"
西青区中北华兴里(西青),"117.094311,39.085484"
南开区黄河道熙汇广场,"117.129274,39.143159"
南开区体育中心金淼园,"117.161137,39.078654"
滨海新区滨海城区樾塘芳塘苑,"117.632369,39.132077"
西青区李七庄融侨观澜,"117.198189,39.04889"
塘沽区北塘街阅海名筑,"114.126847,22.549529"
津南区双港香雪苑,"117.29005,39.023861"
西青区中北华亭国际,"117.079691,39.125908"
宝坻区海滨街天秀园,"117.341911,39.734555"
南开区黄河道熙汇广场,"117.129274,39.143159"
南开区体育中心时代奥城,"117.172093,39.081604"
北辰区佳荣里街瑞鹏家园,"117.117811,39.191548"
津南区咸水沽津南新城合茂园,"117.401191,39.007322"
河东区常州道雍华府(商住楼),"117.251114,39.152512"
南开区鼓楼富力城华庭,"117.179123,39.150611"
东丽区华明镇华富家园,"117.436361,39.178046"
河西区下瓦房铂津湾南苑(商住楼),"117.241879,39.106329"
开发区第一大街远洋琨庭春华园,"114.996337,35.804964"
西青区侯台津洲花园,"117.10592,39.103904"
北辰区普东街远洋未来城万h书院,"117.227214,39.20892"
宁河区芦台镇恒大御景半岛御馨园,"117.832511,39.359331"
静海区团泊镇仁爱团泊湖逸湖岸(南园),"117.159372,38.897878"
大港区迎宾街建安里(滨海),"119.827621,33.995647"
河西区柳林东花园大楼,"117.28068,39.077171"
西青区大寺赤龙家园,"117.237149,38.992532"
北辰区果园新村霞光里(北辰),"117.143449,39.226015"
南开区万兴街凯立花园,"117.17927,39.127183"
和平区小白楼明源里,"117.226695,39.124123"
河北区鸿顺里街锦绣园(河北),"117.209925,39.167507"
南开区王顶堤迎水东里,"117.154489,39.100152"
武清区杨村街五一阳光锦园,"117.093068,39.320443"
蓟州区文昌街碧玉家园,"117.454508,40.056268"
大港区迎宾街建安里(滨海),"119.827621,33.995647"
南开区华苑天华里(南开),"117.141779,39.086338"
武清区杨村街保利上河雅颂(南区),"117.040683,39.383436"
红桥区芥园街米兰弘丽园,"117.163198,39.155489"
河东区大王庄天津雅颂居,"117.22396,39.132616"
北辰区瑞景街秋瑞家园,"117.112778,39.209942"
东丽区利津路詹滨里社区,"117.316806,39.094916"
南开区兴南街龙凤里(南开),"117.1855,39.137665"
红桥区丁字沽街绮水苑,"117.151619,39.182212"
西青区精武恒益隆庭,"117.105065,39.036227"
东丽区新立镇东丽1号,"117.360018,39.083893"
宝坻区钰华街馨和家园,"117.301483,39.707653"
津南区津南八里台中海公园城鸣湖苑,"117.360885,38.9232"
河西区小海地桂江里(河西),"117.268908,39.057886"
河西区陈塘庄泰山里,"117.273986,39.070669"
津南区津南八里台中海公园城悦湖苑,"117.360885,38.9232"
河西区小海地三水南里,"117.269569,39.061719"
西青区中北东方环球影城,"117.096554,39.142786"
河东区向阳楼红城柏丽花园,"117.243017,39.151693"
北辰区果园新村东升里(北辰),"117.146895,39.226706"
红桥区芥园街米兰弘丽园,"117.163198,39.155489"
东丽区利津路金华里(东丽),"117.31674,39.094739"
北辰区天穆万隆桃香园,"117.166469,39.201291"
东丽区军粮城军丽园,"117.451232,39.060144"
河北区铁东路街宜白南里,"117.216993,39.197926"
北辰区小淀秀水馨苑,"117.231558,39.257025"
南开区万兴街双峰道小区,"117.18418,39.123864"
北辰区北仓拜泉里,"117.133943,39.236609"
津南区咸水沽紫江馨苑,"117.40248,38.990966"
宁河区芦台镇庆丰里(宁河),"117.83222,39.332582"
大港区港西新兴西里(滨海),"119.920101,34.016756"
津南区北闸口建新公寓(津南),"117.414132,38.953499"
南开区天拖南淦江东里,"117.153184,39.107235"
河北区王串场街环盛里,"117.236766,39.163942"
红桥区双环街碧春园,"117.157518,39.173286"
河东区上杭路嘉华园(河东),"117.270249,39.133434"
津南区咸水沽育才里(津南),"117.390003,38.996868"
河西区天塔环湖南里,"117.193333,39.086894"
红桥区丁字沽街桃花园南里,"117.17481,39.185313"
南开区天拖南淦江东里,"117.153184,39.107235"
河东区鲁山道秀丽园,"117.289377,39.158259"
武清区杨村街慧翔龙苑,"117.093068,39.320443"
和平区劝业场,"117.198712,39.132929"
北辰区小淀秀水馨苑,"117.231558,39.257025"
河北区靖江路街义江里,"117.257278,39.170917"
东丽区利津路津门里,"117.317532,39.091287"
南开区兴南街怀庆里,"117.185046,39.132103"
蓟州区渔阳镇鸿雁里,"117.39876,40.047196"
北辰区瑞景街秋瑞家园,"117.112778,39.209942"
河西区友谊路中乒公寓,"117.218709,39.086651"
河北区王串场街玉容花园,"117.236311,39.16806"
武清区杨村街五一阳光锦园,"117.093068,39.320443"
河东区春华街巨福新园,"117.22319,39.144831"
蓟州区文昌街山水颐城,"117.454188,40.061361"
津南区咸水沽蓝光雍锦香颂,"117.422658,39.000884"
南开区体育中心时代奥城商住楼,"117.172779,39.083989"
南开区体育中心时代奥城商住楼,"117.172779,39.083989"
河西区梅江天津瑞府,"117.256704,39.047191"
滨海新区中新生态城世茂玖熙,"117.753399,39.113565"
静海区团泊镇基业世p,"117.093565,38.968955"
塘沽区工农村街桃源观邸,"117.6442,39.068893"
红桥区西营门街民康园,"117.157518,39.173286"
南开区体育中心时代奥城商住楼,"117.172779,39.083989"
北辰区普东街远洋未来城万h书院,"117.227214,39.20892"
塘沽区新河街南益名士华庭玫瑰苑,"117.638473,39.058134"
武清区豆张庄镇经纬城市绿洲学府华庭,"116.997663,39.405926"
开发区第五大街启航嘉园,"114.996337,35.804964"
河东区一号桥紫乐名轩,"117.291514,39.100036"
滨海新区滨海城区中交春风海上,"117.626655,39.092164"
塘沽区北塘街欣昌苑,"117.647127,39.138065"
河西区陈塘庄秀峰里小区,"117.274218,39.066062"
塘沽区渤海石油街渤海花园,"113.871174,22.787907"
西青区大寺馨睦家园,"117.24654,39.026407"
东丽区空港经济区意境兰庭,"117.392556,39.168667"
西青区中北裕达家园,"117.125786,39.151621"
西青区海泰高新区保利拾光年和光北苑,"117.08446,39.106611"
西青区侯台津洲花园,"117.10592,39.103904"
河东区中山门凯旋门,"117.283347,39.103163"
津南区双港靖博园,"117.293184,39.061446"
西青区大寺赤龙家园,"117.237149,38.992532"
南开区鼓楼仁恒海河广场,"117.199081,39.144499"
静海区静海镇绿城春熙明月清波苑,"116.969896,38.954805"
西青区精武保利和光尘樾,"117.100181,39.070425"
西青区侯台万科西华府芳华苑,"117.103391,39.107323"
津南区双港泓荷园,"117.280547,39.053643"
河东区二号桥建新东里(北区),"117.302797,39.097343"
西青区海泰高新区保利拾光年和光北苑,"117.08446,39.106611"
塘沽区新港街世纪祥和新园,"117.703959,39.014222"
南开区体育中心时代奥城商住楼,"117.172779,39.083989"
汉沽区河西桥园里小区(滨海),"120.141221,34.230911"
和平区体育馆诚基中心国际公寓,"117.206028,39.120778"
武清区杨村街云河Park,"117.093068,39.320443"
北辰区北仓蓝岸森林,"117.15203,39.218547"
红桥区芥园街,"117.157518,39.173286"
西青区中北溪清苑,"117.100655,39.133978"
河北区建昌道街诗景凤苑,"117.234707,39.174831"
东丽区新立镇东丽开发区国际医疗器械产业园,"117.35774,39.087028"
和平区体育馆诚基中心国际公寓,"117.206028,39.120778"
塘沽区新港街近开里,"117.721858,39.014487"
汉沽区河西馨月庭苑,"117.229416,39.115718"
河西区大营门天津公馆(公寓),"117.231485,39.116793"
津南区咸水沽恒大悦府,"117.376686,38.983974"
河东区富民路雅仕兰庭,"117.277044,39.095482"
东丽区新立镇蓝庭公寓,"117.373503,39.090749"
西青区李七庄金丽花园,"117.177907,39.063896"
武清区杨村街悦光年威壹汽车中心,"117.093068,39.320443"
津南区咸水沽蓝光雍锦香颂,"117.422658,39.000884"
北辰区北仓荣畅园,"117.085894,39.221907"
东丽区程林街程林一村,"117.297939,39.138194"
塘沽区新河街高新里,"117.636309,39.038543"
宝坻区钰华街龙熙帝景,"117.31569,39.708975"
东丽区新立镇蓝庭公寓,"117.373503,39.090749"
静海区团泊镇林奇郡瀛湖湾,"117.150037,38.888174"
西青区精武富家湾,"117.132191,39.057747"
西青区中北云锦世家(南区),"117.079962,39.111059"
南开区向阳路芥园中里,"117.131305,39.150835"
河东区二号桥津塘路187号小区,"117.312009,39.099241"
北辰区青光荣欢园,"117.141403,39.230344"
塘沽区杭州道街新园里(滨海),"119.827621,33.995647"
北辰区果园新村东升里(北辰),"117.146895,39.226706"
南开区水上公园阳光100天塔喜马拉雅,"117.18553,39.09771"
津南区双港宝福家园,"117.284765,39.052879"
滨海新区中新生态城滨海红星天铂曜园,"117.748121,39.13105"
宝坻区海滨街灵秀丽苑,"117.357206,39.737486"
南开区万兴街玉皇里,"117.172967,39.121711"
南开区万兴街红|花园,"117.163593,39.128352"
河西区天塔宾水东里,"117.198112,39.088564"
西青区中北运通花园,"117.112571,39.150166"
大港区迎宾街阳春里,"117.475441,38.852747"
和平区南营门景阳里,"117.195461,39.123018"
南开区兴南街耀远里,"117.182286,39.138152"
北辰区小淀万达青年城,"117.254634,39.240318"
塘沽区渤海石油街渤海石油蓝苑南区,"113.871174,22.787907"
塘沽区向阳街西邻村小区,"104.110719,30.704904"
蓟州区渔阳镇富龙湾,"117.398432,40.045074"
西青区大寺亲和康园,"117.276124,39.006656"
南开区王顶堤金堤里,"117.150171,39.104772"
北辰区北仓南仓新苑,"117.153102,39.21233"
汉沽区寨上街东风北里,"115.967821,39.76412"
河北区建昌道街育红东里,"117.230915,39.17654"
津南区双港顺和园,"117.292052,39.028896"
西青区新梅江南富力津门湖江湾广场,"117.212955,39.06897"
东丽区无瑕街丽霞里,"117.506726,39.054741"
河东区春华街巨福园公寓,"117.221978,39.148908"
河西区挂甲寺景福里,"117.228859,39.103994"
南开区学府街风湖里,"117.165555,39.119509"
河西区陈塘庄龙博花园,"117.278485,39.059745"
河东区二号桥建新东里(北区),"117.302797,39.097343"
北辰区集贤里安达里(北辰),"117.139364,39.2383"
大港区港西同盛里西区,"121.422697,31.693428"
宁河区芦台镇福康花园,"117.827909,39.3168"
南开区体育中心时代奥城商住楼,"117.172779,39.083989"
西青区李七庄汇颐花园,"117.188749,39.067726"
西青区精武恒益隆庭,"117.105065,39.036227"
武清区杨村街祥福园,"117.085213,39.40326"
西青区中北假日盈润园,"117.084585,39.12495"
西青区精武学畔馨园,"117.130122,39.055466"
塘沽区工农村街中海津湖湾,"116.393361,39.925757"
东丽区空港经济区意境兰庭,"117.392556,39.168667"
滨海新区中新生态城美林园,"117.748121,39.13105"
南开区密云路鼎晟双子座,"117.125554,39.135152"
西青区中北东兴里(西区),"117.094284,39.134908"
武清区杨村街亚泰澜公馆,"117.036774,39.369061"
河东区常州道祥瑞家园,"117.247567,39.152143"
南开区王顶堤保利云禧,"117.144351,39.098568"
塘沽区工农村街贻成尚北,"117.665962,39.068342"
蓟州区罗庄子镇山湖郡苑,"117.426301,40.144828"
宝坻区钰华街玫瑰湾花园,"117.311133,39.700859"
西青区精武保利和光尘樾,"117.100181,39.070425"
南开区体育中心时代奥城商住楼,"117.172779,39.083989"
西青区海泰高新区金融街融汇,"117.095616,39.086803"
西青区精武保利和光尘樾,"117.100181,39.070425"
北辰区北仓北辰红星国际广场(商住楼),"117.145583,39.221164"
河东区上杭路红星大厦,"117.260193,39.127482"
南开区黄河道熙汇广场,"117.129274,39.143159"
西青区精武中骏柏景湾,"117.127477,39.033355"
南开区体育中心阳光100国际新城西园,"117.159358,39.073462"
蓟州区渔阳镇州河湾东园(二期),"117.434389,40.023554"
宁河区芦台镇鹭岛国际花园香榭世家,"117.809584,39.340388"
塘沽区北塘街君澜名邸,"117.704083,39.100616"
河东区富民路富民河畔家园,"117.270013,39.098367"
东丽区空港经济区万科新里程家园,"117.414482,39.153946"
河东区一号桥金地紫乐广场,"117.289157,39.101021"
西青区侯台碧水家园DE区,"117.107074,39.107766"
西青区大寺馨睦家园,"117.24654,39.026407"
河东区春华街万春美钻大厦,"117.220261,39.150359"
河西区梅江津铁美苑,"117.229735,39.084229"
宝坻区宝平街润阳馨园,"117.276375,39.705105"
南开区嘉陵道川南里,"117.134282,39.128498"
和平区南市裕德里,"117.198473,39.1391"
津南区咸水沽沽上江南,"117.396737,38.999764"
西青区新梅江南富力津门湖橘墅花园,"117.210721,39.055044"
西青区精武学畔馨园,"117.130122,39.055466"
滨海新区滨海城区中福朗诗朗福园,"117.79614,39.104609"
静海区团泊镇鸿坤理想城澜境西苑,"117.1311,38.874688"
大港区古林街海天园,"114.235658,22.558117"
津南区津南八里台碧桂园蓝岸庭院,"117.341883,38.946839"
北辰区天穆万隆桃香园,"117.166469,39.201291"
宁河区芦台镇顺兴小区,"117.821852,39.328906"
河东区中山门凯旋门,"117.283347,39.103163"
东丽区张贵庄街润景家园,"117.319403,39.108986"
南开区王顶堤中海御湖翰苑(商住楼),"117.154844,39.087461"
南开区体育中心时代奥城,"117.172093,39.081604"
北辰区天穆普泽家园,"117.199947,39.206585"
河西区小海地云江新苑,"117.261681,39.05819"
南开区体育中心时代奥城,"117.172093,39.081604"
西青区大寺亲和美园,"117.272491,39.012807"
西青区侯台碧水家园B区,"117.106922,39.107555"
南开区密云路鼎晟双子座,"117.125554,39.135152"
西青区大寺金谊花园,"117.228472,38.997635"
西青区大寺金谊花园,"117.228472,38.997635"
武清区杨村街五一阳光锦园,"117.093068,39.320443"
北辰区天穆天辰世纪天和雅园,"117.170252,39.201895"
塘沽区向阳街吉宁里,"117.669434,39.038937"
东丽区津塘路蓝庭广场,"117.370868,39.089183"
和平区体育馆铭通里小区,"117.204252,39.113561"
塘沽区新河街珠江里(滨海),"119.827621,33.995647"
河东区向阳楼阳明里,"117.274278,39.148684"
南开区向阳路芥园里,"117.134261,39.150685"
河西区小海地华江里,"117.265212,39.062419"
武清区黄庄街泰合府,"117.02771,39.374494"
南开区天拖南盈江里,"117.14395,39.108312"
南开区体育中心欣居园,"117.174171,39.078158"
和平区南市金茂广场(商住楼),"117.188525,39.13691"
塘沽区北塘街欣昌苑,"117.647127,39.138065"
北辰区小淀新城樾风华翠樾园,"117.240657,39.261202"
河西区小海地松江里,"117.264619,39.064009"
河西区友谊路纯真里,"117.225122,39.084861"
蓟州区罗庄子镇州河湾西园(西区),"117.426301,40.144828"
河东区常州道一品家园,"117.248784,39.150179"
塘沽区胡家园街佳成苑,"121.271065,31.205433"
西青区李七庄万科东第,"117.193142,39.055194"
河西区梅江富华梅江公馆,"117.230646,39.079856"
和平区新兴街犀地,"117.196699,39.108892"
河西区小海地华江里,"117.265212,39.062419"
河西区桃园街元兴新里,"117.214729,39.108344"
塘沽区解放路街金泰新村(西区),"117.66759,39.021757"
宝坻区钰华街玺悦峰,"117.318934,39.696944"
大港区港西心港假日苑(西区),"121.422697,31.693428"
塘沽区解放路街吉祥里,"116.444995,39.93205"
南开区鼓楼东北角艺术公寓,"117.195596,39.150862"
河西区梅江南天浦园,"117.232146,39.051788"
塘沽区向阳街东方里,"113.284397,23.134067"
南开区王顶堤园荫北里,"117.150688,39.097753"
和平区小白楼外纺宿舍楼,"117.219768,39.131377"
宝坻区钰华街金顺园,"117.314078,39.691002"
津南区双港首创昆芳苑,"117.344556,39.027218"
南开区向阳路凯盛家园,"117.136565,39.141602"
红桥区芥园街隆春里,"117.171494,39.152469"
红桥区芥园街宜兰里,"117.155052,39.156433"
东丽区空港经济区锦润华庭,"117.392556,39.168667"
红桥区西于庄街子牙南里,"117.16426,39.171572"
南开区鼓楼天霖园,"117.180597,39.146117"
河西区小海地玉峰花园,"117.276646,39.062973"
西青区大寺金友花园,"117.233048,39.000191"
津南区双港津铁惠苑,"117.283237,39.057095"
东丽区军粮城秀霞里,"117.516814,39.04932"
武清区大王古庄镇英伦花园,"116.809311,39.57462"
西青区精武国兴佳园,"117.124582,39.050499"
河北区建昌道街建红里,"117.236016,39.178504"
西青区张家窝仁盛里,"117.028307,39.081084"
北辰区宜兴埠春泽苑,"117.230865,39.208827"
东丽区利津路金华里(东丽),"117.31674,39.094739"
津南区咸水沽金御中央,"117.379212,38.992209"
塘沽区解放路街福星里,"117.675759,39.023666"
河北区望海楼街蓬莱新里,"117.200959,39.156736"
西青区精武小镇西西里瑞国里,"117.11972,39.037841"
河西区柳林风致里,"117.229416,39.115718"
北辰区双街镇柴楼新庄园金园,"117.109306,39.2753"
南开区王顶堤凤园里,"117.154657,39.094573"
河西区下瓦房同善里(河西),"117.231663,39.112418"
西青区侯台园艺工程研究所小区,"117.132279,39.10582"
静海区团泊镇津泊湾,"117.170844,38.923231"
北辰区北仓辰庆家园,"117.161567,39.232791"
河东区大直沽金昌里小区,"117.256802,39.118501"
河东区鲁山道彩丽园,"117.295066,39.15751"
南开区向阳路乐园里,"117.134386,39.154081"
西青区精武金旺南里,"117.168397,39.058752"
河东区大王庄祥云名苑,"117.228951,39.130339"
红桥区西于庄街礼貌楼,"117.166324,39.17596"
南开区王顶堤横江里,"117.144128,39.111593"
河西区小海地桂江里(河西),"117.268908,39.057886"
河东区上杭路程林里,"117.267124,39.132803"
汉沽区茶淀街润和馨苑,"104.199328,30.571597"
河东区常州道一品家园,"117.248784,39.150179"
河东区上杭路懿德园,"117.255284,39.128865"
宝坻区海滨街绿色家园(宝坻),"117.322946,39.733892"
红桥区双环街碧春园,"117.157518,39.173286"
北辰区普东街普兴里,"117.203755,39.199393"
塘沽区工农村街晓镇家园,"117.676766,39.053841"
红桥区西于庄街奋斗楼,"117.164926,39.175285"
河西区天塔环湖南里,"117.193333,39.086894"
东丽区华明镇建邦时代汇,"117.39184,39.173248"
宝坻区钰华街泰达金色领地,"117.303786,39.697582"
北辰区果园新村霞光里(北辰),"117.143449,39.226015"
津南区咸水沽津南新城合力园,"117.397799,39.00659"
西青区大寺金友花园,"117.233048,39.000191"
河东区唐口嘉华小区,"117.250158,39.135239"
南开区八里台观景里,"117.157075,39.096184"
北辰区宜兴埠普润家园,"117.202378,39.205673"
河东区二号桥靓东花园,"117.308627,39.103522"
和平区南市金茂广场(商住楼),"117.188525,39.13691"
津南区津南八里台嘉泰翰林学府,"117.332415,38.941274"
南开区鼓楼煦园新居,"117.193917,39.145412"
南开区鼓楼煦园新居,"117.193917,39.145412"
北辰区双街镇柴楼新庄园兴园,"117.112479,39.273978"
西青区大寺天任里,"117.250221,39.037161"
南开区万兴街群富里,"117.179555,39.125471"
武清区杨村街君利商厦,"117.075647,39.379625"
红桥区咸阳北路街河怡花园,"117.141114,39.172879"
南开区王顶堤郁园里,"117.142999,39.09868"
南开区万兴街同安里(南开),"117.180979,39.125607"
和平区南营门气象西里,"117.192301,39.116047"
南开区鼓楼煦园新居,"117.193917,39.145412"
河西区梅江富华梅江公馆,"117.230646,39.079856"
东丽区张贵庄街好美嘉园,"117.303111,39.117646"
开发区第四大街桐景园,"114.996337,35.804964"
北辰区果园新村东升里(北辰),"117.146895,39.226706"
和平区南营门金德园,"117.196926,39.123973"
塘沽区杭州道街长征里,"117.668046,39.043873"
南开区王顶堤王顶堤故里,"117.143762,39.102504"
